,S01,S02,S03,S04,S05,S06,S07,S08,S09,S10,S11,S12
gene_0001,44,134,163,147,108,124,266,50,70,35,54,39
gene_0002,6,56,9,16,27,43,26,26,40,10,48,34
gene_0003,156,258,40,78,139,82,195,175,56,69,86,149
gene_0004,112,444,170,55,206,127,8,152,85,330,22,88
gene_0005,1,9,8,3,6,10,2,3,4,0,0,0
gene_0006,15,34,13,7,10,42,4,35,10,22,34,13
gene_0007,88,81,62,155,49,25,63,54,46,117,74,42
gene_0008,16,104,78,28,64,57,43,50,21,30,55,30
gene_0009,74,62,83,47,64,88,40,44,114,120,32,97
gene_0010,5,2,27,10,19,52,40,42,4,36,27,17
gene_0011,57,476,303,167,198,237,107,50,317,84,87,133
gene_0012,30,267,164,85,213,52,206,67,184,110,97,145
gene_0013,39,114,57,51,65,84,107,56,61,64,107,49
gene_0014,66,243,283,71,239,222,184,473,277,163,119,33
gene_0015,183,49,46,31,155,182,92,317,52,526,64,71
gene_0016,16,80,41,21,10,30,40,65,22,19,15,15
gene_0017,61,102,72,46,53,72,87,98,141,48,62,88
gene_0018,32,35,20,5,30,16,34,34,9,1,5,21
gene_0019,276,546,81,94,382,119,98,69,166,126,137,240
gene_0020,49,113,129,54,29,57,108,23,25,27,63,84
gene_0021,53,104,54,71,7,93,53,122,35,12,130,9
gene_0022,28,64,30,54,15,64,37,29,30,36,39,30
gene_0023,169,728,211,51,130,164,29,129,40,40,94,96
gene_0024,33,42,42,52,59,69,15,22,57,67,59,58
gene_0025,32,140,40,29,49,62,66,38,37,8,56,67
gene_0026,88,56,17,4,27,43,10,28,106,50,91,19
gene_0027,163,223,98,59,106,75,180,89,105,194,52,129
gene_0028,83,72,86,97,41,181,199,242,141,106,14,95
gene_0029,10,302,56,98,106,131,191,66,171,155,77,17
gene_0030,54,133,63,60,103,13,108,128,133,45,58,51
gene_0031,439,1467,324,277,315,459,111,299,457,787,593,447
gene_0032,19,74,15,61,18,13,12,56,45,44,42,22
gene_0033,20,82,41,14,16,28,19,64,17,32,41,45
gene_0034,77,100,68,9,12,7,6,65,39,60,76,48
gene_0035,145,252,64,64,129,329,195,197,367,145,63,142
gene_0036,232,97,469,128,97,169,127,544,319,118,128,218
gene_0037,59,87,116,113,57,23,108,49,55,47,104,46
gene_0038,5,32,4,61,11,3,9,6,17,67,5,20
gene_0039,13,80,27,26,9,34,96,21,47,17,21,44
gene_0040,107,61,82,80,85,60,291,97,50,47,91,34
gene_0041,119,188,38,85,236,28,82,324,66,191,150,27
gene_0042,20,261,92,108,308,114,43,104,65,74,109,46
gene_0043,34,42,25,29,32,28,66,11,19,51,26,22
gene_0044,47,67,77,17,8,90,17,29,85,89,39,14
gene_0045,107,166,71,107,38,85,57,161,55,51,41,82
gene_0046,83,138,10,77,13,107,24,49,40,83,110,63
gene_0047,292,88,176,78,133,208,162,394,143,68,356,119
gene_0048,43,155,56,31,94,28,180,35,16,183,149,124
gene_0049,26,76,27,124,3,240,49,9,82,118,88,11
gene_0050,152,237,42,73,151,38,131,222,12,38,127,64
gene_0051,85,304,91,11,19,3,90,23,109,33,142,85
gene_0052,85,327,304,70,116,207,29,64,248,22,370,222
gene_0053,8,15,27,14,26,34,13,16,20,7,3,33
gene_0054,17,7,24,58,34,24,8,10,24,16,24,6
gene_0055,30,82,22,61,21,56,15,73,55,12,46,23
gene_0056,21,23,17,6,12,32,86,31,33,26,21,4
gene_0057,4,85,57,32,36,17,152,27,118,81,33,41
gene_0058,182,588,204,153,366,251,309,129,349,311,118,466
gene_0059,32,55,27,22,31,26,31,18,7,19,33,42
gene_0060,298,71,275,419,90,176,85,170,36,67,110,92
gene_0061,9,16,8,23,14,13,7,7,14,11,3,10
gene_0062,55,83,88,47,33,79,17,57,18,16,39,5
gene_0063,31,132,92,94,27,118,15,45,69,74,91,19
gene_0064,120,171,157,133,76,87,60,199,141,65,201,93
gene_0065,130,231,174,155,89,75,107,98,81,132,97,63
gene_0066,148,129,242,395,77,190,40,18,50,81,259,182
gene_0067,22,64,27,20,50,34,101,99,4,0,9,68
gene_0068,27,23,15,30,24,23,12,79,60,22,18,25
gene_0069,215,85,77,223,134,111,202,16,224,203,95,132
gene_0070,51,162,33,78,55,40,49,79,29,54,36,42
gene_0071,15,25,4,18,24,29,25,13,26,13,12,14
gene_0072,9,6,35,35,0,16,21,23,21,4,14,44
gene_0073,25,28,21,8,6,18,54,23,39,8,5,7
gene_0074,81,103,29,93,112,381,26,124,220,72,120,198
gene_0075,111,134,255,3,90,9,25,277,36,120,139,100
gene_0076,67,122,367,55,154,156,446,68,211,205,90,130
gene_0077,52,53,19,35,39,31,80,40,73,11,32,44
gene_0078,83,117,35,15,152,63,16,15,65,32,18,93
gene_0079,139,196,128,121,180,128,88,79,86,113,230,87
gene_0080,41,64,33,60,58,40,21,96,50,31,85,21
gene_0081,80,302,126,85,55,99,189,104,124,118,109,113
gene_0082,25,73,13,23,22,30,16,20,75,32,49,30
gene_0083,22,41,8,42,115,1,5,47,62,12,27,57
gene_0084,30,89,34,33,24,57,24,23,62,33,56,48
gene_0085,22,43,24,14,17,12,29,16,27,24,17,14
gene_0086,120,194,93,97,57,62,106,39,63,60,154,56
gene_0087,23,47,32,28,35,54,71,56,44,40,76,21
gene_0088,79,129,103,65,127,34,207,116,64,52,2,22
gene_0089,146,177,306,57,49,110,112,162,142,83,55,127
gene_0090,57,369,286,65,79,242,117,203,144,123,144,45
gene_0091,105,55,19,53,87,101,74,64,209,56,122,53
gene_0092,36,50,83,55,55,35,55,69,61,92,68,86
gene_0093,45,65,16,66,28,19,4,63,33,46,20,64
gene_0094,25,135,44,82,27,56,80,82,99,129,13,48
gene_0095,14,2,6,7,5,7,28,4,9,7,16,11
gene_0096,3,6,10,10,35,6,4,33,8,21,11,23
gene_0097,0,3,6,19,2,5,1,18,33,5,1,6
gene_0098,24,21,13,14,24,23,19,20,30,43,34,9
gene_0099,118,97,163,92,113,141,177,113,63,101,28,56
gene_0100,14,48,34,25,45,30,45,27,26,13,32,17
gene_0101,54,99,41,28,5,4,17,26,19,14,106,27
gene_0102,175,240,186,283,93,274,394,364,417,247,408,64
gene_0103,11,95,36,20,53,17,49,46,167,31,72,55
gene_0104,100,225,172,130,96,31,190,62,308,228,83,28
gene_0105,26,40,26,15,38,18,23,21,22,47,25,10
gene_0106,31,73,97,29,11,76,38,54,44,44,50,59
gene_0107,26,44,21,23,33,31,6,20,34,34,25,21
gene_0108,61,53,33,19,52,54,66,37,74,29,47,60
gene_0109,86,293,218,88,59,82,106,191,121,1,114,228
gene_0110,5,9,16,4,14,1,15,2,2,14,15,1
gene_0111,12,172,6,44,146,161,124,582,82,124,29,56
gene_0112,21,43,194,42,62,24,103,66,63,42,137,32
gene_0113,21,93,29,27,38,34,42,29,117,13,76,15
gene_0114,20,10,5,3,14,8,2,38,24,10,27,6
gene_0115,41,96,75,43,67,43,67,36,32,77,98,39
gene_0116,4,60,39,30,48,7,10,80,48,26,19,48
gene_0117,80,166,45,120,84,96,20,72,138,66,92,44
gene_0118,26,101,13,99,71,51,87,137,147,124,80,26
gene_0119,558,1044,661,805,89,22,147,985,177,99,494,480
gene_0120,43,76,38,80,56,38,76,51,35,84,69,33
gene_0121,14,26,15,13,4,18,21,2,23,12,49,13
gene_0122,81,249,51,52,15,10,71,76,108,12,154,46
gene_0123,31,115,85,41,72,82,105,69,47,98,140,86
gene_0124,78,489,191,81,297,232,321,272,216,328,385,222
gene_0125,16,88,123,20,208,40,113,588,124,172,421,23
gene_0126,29,282,93,57,63,64,61,141,91,303,44,19
gene_0127,248,251,281,205,196,249,316,43,143,452,242,527
gene_0128,18,43,13,18,11,15,3,15,27,32,32,13
gene_0129,27,63,11,21,2,25,6,4,14,4,13,10
gene_0130,47,27,34,37,46,24,18,13,43,13,35,10
gene_0131,133,112,43,36,32,147,100,55,63,79,23,40
gene_0132,14,14,1,20,10,2,16,11,37,12,14,27
gene_0133,359,71,313,29,56,29,303,55,135,154,308,45
gene_0134,20,72,3,11,26,83,9,5,47,38,25,52
gene_0135,12,22,4,0,9,2,39,1,39,2,3,5
gene_0136,14,42,8,29,3,6,13,51,54,46,18,33
gene_0137,57,116,54,26,103,14,200,140,143,119,178,83
gene_0138,12,405,73,285,71,420,75,30,236,6,64,79
gene_0139,384,1316,162,408,366,216,310,498,664,80,403,135
gene_0140,1417,2278,1206,1111,1414,663,1430,1921,1260,1802,1046,1544
gene_0141,37,24,153,22,39,171,44,21,124,162,19,102
gene_0142,17,8,34,51,28,22,33,14,13,33,26,23
gene_0143,0,13,8,9,4,27,4,16,4,11,12,2
gene_0144,248,25,51,113,48,68,26,4,139,17,8,8
gene_0145,54,79,33,23,30,11,32,22,45,52,28,25
gene_0146,48,54,49,35,44,42,51,78,15,8,64,37
gene_0147,24,74,53,9,73,41,61,112,48,12,51,41
gene_0148,35,120,41,35,26,34,74,366,270,110,195,251
gene_0149,79,91,111,132,185,218,173,145,175,120,128,180
gene_0150,58,94,43,51,78,93,73,128,73,62,66,52
gene_0151,120,52,205,39,63,20,20,74,79,86,138,56
gene_0152,21,33,39,16,29,25,21,16,21,16,30,21
gene_0153,2,27,8,2,4,12,5,2,0,0,6,5
gene_0154,46,173,36,33,36,26,26,43,35,54,29,23
gene_0155,8,311,143,47,112,61,13,2,48,27,16,39
gene_0156,22,482,86,191,293,94,5886,1298,2088,728,236,1188
gene_0157,99,0,11,40,237,58,190,70,92,92,8,53
gene_0158,266,650,427,200,17,122,86,238,108,231,90,189
gene_0159,62,52,26,128,36,17,21,1,2,12,42,19
gene_0160,27,22,9,18,13,14,42,60,40,6,161,24
gene_0161,14,64,33,22,8,53,43,32,21,19,25,5
gene_0162,3,51,8,7,32,57,3,140,22,7,34,1
gene_0163,385,474,813,264,516,436,293,376,490,675,799,408
gene_0164,59,19,27,48,7,17,10,51,23,49,8,15
gene_0165,185,128,113,141,69,164,160,229,134,139,202,115
gene_0166,14,3,17,3,57,26,11,69,29,18,18,30
gene_0167,58,643,71,4,264,151,216,412,26,37,23,116
gene_0168,104,137,62,49,96,119,21,7,122,56,131,44
gene_0169,53,71,41,15,27,42,36,81,37,66,21,62
gene_0170,43,52,107,55,37,20,67,149,36,42,83,60
gene_0171,36,43,59,60,45,22,30,33,57,27,9,40
gene_0172,159,300,200,130,0,22,26,15,567,162,95,8
gene_0173,29,41,25,41,70,27,44,19,12,27,10,33
gene_0174,23,21,8,17,16,10,4,4,6,12,46,18
gene_0175,13,60,22,2,23,49,32,11,43,7,21,7
gene_0176,64,209,103,25,7,51,119,18,21,144,60,6
gene_0177,116,304,190,48,104,206,361,268,169,326,138,82
gene_0178,55,288,69,118,63,60,247,38,82,35,97,14
gene_0179,23,77,40,5,33,38,142,94,97,155,134,120
gene_0180,91,41,13,47,102,51,77,42,40,91,37,151
gene_0181,20,430,87,217,28,199,447,249,116,214,272,34
gene_0182,178,335,6,30,20,43,81,81,85,40,106,69
gene_0183,72,172,85,0,46,5,41,27,2,69,4,102
gene_0184,204,114,21,80,306,135,13,101,333,312,465,274
gene_0185,156,25,61,32,50,258,12,51,18,29,74,95
gene_0186,348,402,136,307,419,287,172,140,541,193,350,237
gene_0187,61,142,99,86,187,79,45,168,55,41,46,55
gene_0188,11,45,36,8,19,28,40,6,13,20,27,19
gene_0189,18,9,33,7,2,5,4,9,2,3,18,2
gene_0190,640,536,283,163,177,275,710,122,62,410,270,113
gene_0191,158,607,173,458,146,295,859,568,359,505,273,155
gene_0192,32,83,70,47,68,36,113,182,69,72,174,136
gene_0193,62,109,28,11,25,59,39,56,27,53,52,56
gene_0194,401,383,15,292,456,971,399,86,842,186,113,332
gene_0195,13,14,7,4,5,22,23,15,21,66,26,59
gene_0196,53,148,4,26,2,40,23,48,9,23,1,26
gene_0197,148,319,201,55,103,75,24,74,116,57,76,57
gene_0198,20,114,41,46,47,33,56,115,59,35,17,40
gene_0199,101,100,35,37,43,77,38,26,50,65,105,78
gene_0200,64,104,58,81,15,17,50,47,100,140,54,20
gene_0201,117,144,93,73,33,54,38,194,99,43,57,63
gene_0202,309,365,407,74,188,241,377,351,542,194,230,164
gene_0203,71,304,81,44,23,134,67,162,59,30,107,38
gene_0204,17,50,29,47,233,101,396,8,11,0,25,52
gene_0205,6,2,0,1,5,10,21,7,4,6,14,7
gene_0206,28,112,14,58,85,53,43,64,57,37,147,54
gene_0207,82,63,49,4,39,29,36,33,149,71,11,22
gene_0208,12,45,11,8,15,17,23,15,7,7,15,21
gene_0209,53,18,24,44,19,35,85,28,79,34,19,25
gene_0210,35,199,18,25,52,40,101,26,105,118,15,6
gene_0211,91,317,140,124,79,123,390,201,250,123,355,241
gene_0212,31,74,2,13,29,18,15,12,22,16,11,17
gene_0213,61,14,62,19,142,36,128,62,260,34,19,27
gene_0214,115,123,30,14,32,30,18,24,43,9,48,25
gene_0215,18,43,78,46,43,36,40,57,79,37,29,30
gene_0216,291,201,292,39,209,139,158,239,70,62,56,70
gene_0217,227,280,201,154,38,248,98,65,40,350,37,33
gene_0218,331,120,168,51,475,118,547,73,367,151,141,170
gene_0219,149,34,68,26,165,170,46,54,114,91,26,57
gene_0220,28,10,19,14,38,31,32,50,42,31,4,72
gene_0221,20,4,8,21,6,1,5,95,3,31,176,64
gene_0222,58,84,122,54,33,48,110,76,40,66,95,81
gene_0223,73,109,45,65,70,106,78,192,60,31,110,45
gene_0224,30,47,9,35,9,8,5,15,10,9,26,11
gene_0225,25,142,78,48,47,51,9,32,47,36,139,72
gene_0226,46,134,85,9,43,32,87,228,52,65,59,21
gene_0227,347,1283,447,1204,381,194,859,1599,1761,852,859,534
gene_0228,595,316,255,408,196,516,474,509,310,470,245,304
gene_0229,71,27,24,8,37,17,46,40,101,26,23,15
gene_0230,15,84,57,10,27,55,70,50,41,47,58,49
gene_0231,12,24,26,11,15,37,10,31,19,5,17,19
gene_0232,40,61,19,26,31,33,56,63,28,44,43,32
gene_0233,44,40,173,207,84,126,442,148,83,19,86,54
gene_0234,64,362,71,190,123,224,274,317,355,143,297,261
gene_0235,41,49,26,20,28,44,46,25,30,14,41,43
gene_0236,127,16,65,18,10,29,52,24,70,30,17,102
gene_0237,19,21,26,4,7,4,3,3,15,6,9,10
gene_0238,28,217,22,7,104,64,118,37,19,89,62,62
gene_0239,7,42,63,10,39,35,26,20,24,16,6,27
gene_0240,30,38,70,20,85,43,33,43,59,24,26,34
gene_0241,13,19,10,11,9,1,53,18,18,9,12,22
gene_0242,50,52,26,49,130,21,81,115,66,62,36,32
gene_0243,8,14,4,12,9,17,5,21,5,10,10,14
gene_0244,12,13,19,20,10,7,22,20,15,22,30,1
gene_0245,931,813,521,626,320,1051,988,476,559,392,685,785
gene_0246,12,46,16,11,12,16,7,12,5,4,12,3
gene_0247,26,6,18,21,27,26,17,6,44,23,4,13
gene_0248,336,617,374,134,60,467,154,281,245,653,44,412
gene_0249,135,990,1283,1079,1290,212,532,388,2513,2771,2813,1609
gene_0250,8,31,34,20,2,5,3,25,18,15,14,6
gene_0251,23,163,20,11,20,40,50,47,58,54,59,47
gene_0252,122,127,52,60,49,113,61,97,11,14,46,30
gene_0253,145,556,360,213,331,427,733,551,486,502,709,360
gene_0254,63,58,40,6,13,12,24,28,17,27,64,6
gene_0255,61,74,39,37,5,25,58,34,23,270,287,53
gene_0256,130,222,268,171,77,27,61,114,69,113,205,59
gene_0257,111,187,57,204,33,24,5,17,593,26,255,322
gene_0258,27,122,45,27,35,11,46,62,26,33,23,27
gene_0259,36,155,26,2,65,72,112,52,187,74,214,13
gene_0260,20,17,59,34,23,2,39,49,49,27,31,11
gene_0261,61,154,13,89,36,81,50,40,29,92,45,37
gene_0262,32,58,64,128,63,44,50,27,40,31,99,77
gene_0263,5,18,28,57,37,17,5,79,37,312,80,144
gene_0264,16,56,128,31,5,60,46,79,31,34,57,15
gene_0265,65,118,129,79,60,26,71,13,50,15,3,30
gene_0266,56,548,205,179,238,67,312,76,337,214,338,170
gene_0267,39,118,38,19,24,48,213,71,37,64,73,65
gene_0268,31,103,67,35,17,134,381,173,188,148,349,99
gene_0269,44,170,15,48,100,143,34,43,53,51,49,25
gene_0270,71,73,60,97,33,15,42,101,35,37,41,65
gene_0271,28,24,49,35,20,76,292,156,125,46,84,107
gene_0272,75,130,24,40,50,118,86,97,62,18,23,7
gene_0273,39,53,88,19,106,50,117,37,9,74,13,41
gene_0274,201,305,813,580,779,622,20,196,150,56,100,98
gene_0275,297,177,160,102,165,433,354,33,128,357,227,381
gene_0276,85,43,153,52,89,55,100,152,161,91,108,116
gene_0277,36,5,4,21,27,45,54,49,30,48,47,46
gene_0278,22,53,15,14,29,24,30,12,17,25,37,12
gene_0279,397,76,279,84,33,71,195,178,75,88,4,142
gene_0280,108,57,57,96,17,116,23,67,84,53,51,124
gene_0281,102,172,104,100,116,157,109,115,103,57,183,70
gene_0282,10,22,13,3,0,15,4,31,8,4,15,17
gene_0283,90,379,42,172,157,50,133,242,147,104,213,13
gene_0284,47,96,96,13,35,118,83,53,140,154,113,79
gene_0285,36,38,25,29,8,20,25,26,22,34,43,3
gene_0286,27,69,62,21,19,58,74,22,81,24,51,50
gene_0287,14,102,7,51,57,6,182,81,116,19,80,46
gene_0288,81,113,65,61,69,14,34,131,64,80,37,51
gene_0289,24,94,23,16,43,41,65,57,48,39,41,57
gene_0290,77,66,85,30,74,67,81,34,43,33,56,23
gene_0291,94,41,70,97,17,63,405,116,23,140,98,167
gene_0292,32,393,34,47,88,114,82,183,3,31,28,10
gene_0293,320,333,147,251,252,339,327,207,407,366,229,112
gene_0294,0,5,2,1,4,6,3,2,4,2,5,1
gene_0295,39,77,44,62,79,48,76,91,73,35,49,44
gene_0296,93,95,18,103,89,43,151,77,243,15,30,87
gene_0297,52,288,132,23,54,117,64,79,58,121,80,69
gene_0298,34,65,88,88,28,16,63,25,11,40,75,13
gene_0299,1,9,9,14,11,3,13,6,18,21,6,6
gene_0300,121,77,48,27,31,24,175,65,78,25,46,63
gene_0301,520,396,234,178,323,324,427,554,172,508,392,624
gene_0302,8,33,16,11,11,5,14,31,14,15,18,6
gene_0303,138,153,133,89,141,32,143,108,191,77,159,185
gene_0304,75,35,24,56,42,17,19,68,61,21,42,46
gene_0305,9,82,114,29,75,165,23,124,150,23,59,5
gene_0306,10,44,6,3,10,27,12,22,8,62,66,32
gene_0307,24,130,48,45,62,22,17,46,16,2,58,2
gene_0308,38,177,184,2,284,23,99,17,209,28,381,409
gene_0309,85,246,93,82,174,143,179,131,141,55,151,179
gene_0310,806,534,175,332,270,119,142,342,672,1016,517,150
gene_0311,74,129,74,394,283,245,362,107,458,149,17,177
gene_0312,49,103,60,64,246,167,269,110,79,51,153,12
gene_0313,100,564,333,71,212,486,474,180,692,113,283,498
gene_0314,111,33,61,77,155,100,110,38,102,30,85,6
gene_0315,48,114,62,31,164,292,164,142,143,225,138,48
gene_0316,25,109,49,48,19,60,42,79,46,46,27,45
gene_0317,42,79,38,101,43,36,102,148,64,74,139,126
gene_0318,32,57,7,21,81,19,57,31,9,80,36,44
gene_0319,19,321,201,107,228,513,229,175,186,154,228,57
gene_0320,18,19,4,25,30,15,10,4,35,81,25,19
gene_0321,141,305,91,123,60,109,226,120,98,53,159,67
gene_0322,29,80,37,59,2,20,44,57,92,13,43,33
gene_0323,112,313,435,667,32,315,260,206,524,149,175,370
gene_0324,125,976,111,2,30,18,13,112,150,39,257,115
gene_0325,295,502,521,386,639,383,1770,178,100,229,591,409
gene_0326,336,297,192,304,31,125,310,40,68,160,240,2
gene_0327,21,4,33,26,4,8,53,6,11,30,30,13
gene_0328,47,90,96,65,60,73,13,35,32,11,20,14
gene_0329,10,67,18,15,13,63,7,23,21,10,19,6
gene_0330,54,181,67,39,18,28,38,37,8,56,28,6
gene_0331,247,155,583,267,468,398,367,310,407,234,856,122
gene_0332,24,92,6,157,20,64,35,2,228,3,58,67
gene_0333,23,34,10,12,45,30,14,19,30,21,40,42
gene_0334,26,31,24,42,16,9,27,29,12,16,29,35
gene_0335,74,177,87,102,34,66,158,98,78,96,85,44
gene_0336,9,63,33,22,15,27,18,21,41,9,4,15
gene_0337,13,81,28,50,26,40,23,14,69,42,31,12
gene_0338,78,39,181,52,54,50,138,38,52,22,124,168
gene_0339,190,321,154,335,374,150,165,276,234,223,137,349
gene_0340,95,89,54,91,57,251,118,158,69,34,25,101
gene_0341,8,6,1,2,5,9,5,2,8,6,10,8
gene_0342,102,70,91,262,77,125,46,124,204,56,138,142
gene_0343,52,155,26,55,104,44,0,8,70,10,10,8
gene_0344,79,317,165,45,80,62,209,72,30,53,70,103
gene_0345,124,323,198,541,231,236,826,714,288,171,615,374
gene_0346,6,12,6,8,4,6,9,10,13,4,7,6
gene_0347,139,253,22,43,1,12,28,73,2,253,27,54
gene_0348,30,48,149,252,95,237,132,177,123,59,129,86
gene_0349,9,20,6,17,16,8,13,20,12,7,6,14
gene_0350,285,602,272,255,288,403,285,440,272,178,291,152
gene_0351,71,259,38,67,119,81,108,130,210,210,170,171
gene_0352,70,300,169,52,329,111,50,207,165,262,296,171
gene_0353,19,71,29,3,70,12,40,47,50,21,24,37
gene_0354,90,326,120,165,118,119,134,337,152,194,198,49
gene_0355,171,290,424,100,180,322,265,138,106,144,135,122
gene_0356,5,170,139,26,65,304,22,1,61,139,70,5
gene_0357,162,272,117,57,21,43,112,38,151,64,16,23
gene_0358,118,181,35,52,45,18,102,71,156,93,60,201
gene_0359,25,42,26,13,58,9,68,24,25,13,32,40
gene_0360,35,20,77,56,70,33,21,47,32,97,25,41
gene_0361,31,34,79,31,49,45,107,28,26,43,41,68
gene_0362,15,181,144,119,33,36,335,48,433,133,75,50
gene_0363,86,40,63,123,107,156,27,216,24,36,37,80
gene_0364,21,28,24,9,8,14,4,26,14,8,6,15
gene_0365,14,67,103,44,201,15,20,25,123,246,92,182
gene_0366,196,395,352,230,296,310,286,343,214,356,373,175
gene_0367,82,83,78,12,31,25,29,94,33,5,33,9
gene_0368,11,20,76,6,39,15,16,42,98,28,24,19
gene_0369,7,86,18,160,49,212,59,68,62,21,99,29
gene_0370,350,134,198,40,151,199,330,67,172,203,344,160
gene_0371,35,108,118,17,17,77,69,35,85,38,58,31
gene_0372,137,371,315,286,299,134,361,97,421,181,254,734
gene_0373,114,242,27,2,49,50,144,361,53,2,0,174
gene_0374,145,393,140,48,52,119,147,52,69,400,69,157
gene_0375,78,78,46,49,90,139,92,150,161,229,146,71
gene_0376,752,439,490,372,907,637,951,717,1348,414,1181,1003
gene_0377,76,32,46,54,49,37,18,117,12,19,72,28
gene_0378,3,16,6,7,2,15,19,31,1,8,1,5
gene_0379,22,33,123,824,189,1086,0,35,338,37,155,46
gene_0380,50,5,40,26,83,49,38,58,62,8,47,47
gene_0381,133,136,67,68,24,27,114,153,43,152,115,41
gene_0382,233,219,50,45,418,137,181,649,634,223,486,71
gene_0383,15,13,24,0,10,29,17,26,21,12,3,2
gene_0384,33,70,5,36,5,4,18,7,22,26,23,6
gene_0385,9,27,18,3,3,11,38,0,26,15,2,2
gene_0386,32,68,13,71,12,13,51,10,19,59,24,17
gene_0387,141,134,119,57,67,164,78,59,55,73,213,338
gene_0388,247,247,11,57,115,13,8,245,21,119,360,90
gene_0389,78,114,137,49,91,46,125,77,178,84,77,28
gene_0390,4,97,10,12,13,4,44,7,38,2,2,17
gene_0391,3,3,8,7,29,7,3,11,3,1,8,21
gene_0392,57,131,14,57,41,53,48,42,35,9,109,32
gene_0393,24,138,12,39,20,35,19,17,63,21,69,16
gene_0394,53,208,79,41,130,160,225,29,440,105,86,72
gene_0395,191,164,108,96,142,37,131,100,128,228,93,43
gene_0396,72,27,226,29,47,3,18,133,49,49,77,25
gene_0397,122,83,123,109,86,131,109,233,221,369,120,142
gene_0398,31,140,35,6,146,22,214,69,178,118,74,54
gene_0399,77,172,125,50,57,89,75,189,154,80,117,94
gene_0400,6,22,66,11,29,29,25,45,47,23,21,5
gene_0401,50,128,22,17,28,42,50,100,32,59,21,17
gene_0402,29,173,154,9,80,2,157,36,163,28,44,21
gene_0403,137,197,249,138,63,130,96,115,218,137,95,246
gene_0404,47,173,62,23,36,132,25,27,25,23,16,17
gene_0405,100,12,48,42,158,60,51,57,15,70,11,84
gene_0406,33,40,41,45,18,172,25,0,33,106,170,27
gene_0407,24,122,65,45,33,10,84,53,57,31,22,41
gene_0408,41,86,240,71,151,69,124,165,222,27,228,307
gene_0409,16,22,6,18,10,21,3,9,17,16,2,10
gene_0410,21,42,26,5,50,11,20,59,13,27,17,7
gene_0411,11,1,15,19,17,14,16,36,9,20,16,11
gene_0412,9,17,2,2,3,2,5,5,11,8,3,8
gene_0413,57,52,30,22,10,26,64,84,47,54,80,30
gene_0414,93,167,58,128,45,203,206,273,89,102,411,84
gene_0415,44,50,22,33,58,58,55,28,33,64,39,29
gene_0416,71,186,27,69,71,99,82,129,106,88,113,58
gene_0417,394,63,210,66,66,540,330,179,118,281,205,42
gene_0418,159,488,181,53,362,384,85,646,475,37,171,71
gene_0419,20,26,25,7,84,10,29,182,35,10,115,40
gene_0420,255,373,229,150,178,632,197,845,652,106,442,181
gene_0421,78,165,104,14,72,81,20,31,3,3,22,25
gene_0422,25,21,9,21,16,24,28,36,35,34,54,27
gene_0423,57,100,27,32,41,14,19,21,20,28,8,26
gene_0424,6,31,4,3,5,7,12,4,24,15,22,47
gene_0425,24,12,115,31,43,12,19,42,65,44,25,10
gene_0426,5,16,30,31,63,5,39,32,57,13,57,56
gene_0427,55,116,251,56,41,39,204,130,98,45,240,112
gene_0428,188,534,449,183,508,109,499,121,173,88,498,78
gene_0429,23,39,16,21,23,5,12,22,16,17,40,13
gene_0430,36,270,176,49,99,74,143,61,120,60,176,46
gene_0431,12,23,38,41,2,2,10,3,24,72,64,7
gene_0432,69,111,121,54,89,105,102,127,70,105,60,119
gene_0433,239,154,55,17,50,59,48,15,29,111,39,51
gene_0434,2,25,17,7,9,9,10,14,3,2,4,12
gene_0435,134,542,370,20,17,93,255,111,185,200,137,121
gene_0436,26,114,17,17,31,36,79,15,37,56,37,10
gene_0437,14,19,28,36,4,13,60,22,19,74,11,7
gene_0438,18,9,18,10,11,21,11,9,24,5,6,6
gene_0439,24,55,64,21,25,32,56,39,51,25,20,44
gene_0440,118,160,160,181,83,138,100,22,25,159,102,65
gene_0441,41,16,8,62,151,54,42,108,1,5,33,80
gene_0442,93,193,82,42,67,79,111,153,204,46,36,72
gene_0443,121,106,77,41,296,205,150,75,75,118,187,37
gene_0444,259,513,498,134,330,71,376,648,195,148,453,178
gene_0445,40,36,70,46,49,44,34,50,59,29,89,23
gene_0446,13,34,14,6,5,32,34,15,1,0,6,14
gene_0447,163,337,94,202,132,123,375,275,154,404,238,302
gene_0448,11,107,34,47,39,41,65,55,81,22,106,18
gene_0449,110,126,152,98,274,340,58,31,56,101,96,29
gene_0450,75,126,81,99,62,71,167,88,96,136,110,113
gene_0451,35,10,120,6,78,24,4,4,19,31,227,12
gene_0452,9,80,39,141,69,7,65,40,175,106,48,18
gene_0453,88,1050,268,156,518,315,628,698,560,744,366,731
gene_0454,353,1467,411,266,405,608,878,1499,1193,598,363,860
gene_0455,101,29,80,6,138,38,142,32,217,77,7,50
gene_0456,55,110,116,28,27,35,38,67,74,88,155,68
gene_0457,293,893,37,205,173,396,243,101,268,308,201,562
gene_0458,25,34,38,11,49,74,22,12,10,41,28,13
gene_0459,57,113,90,60,95,205,42,142,63,143,100,171
gene_0460,122,136,75,30,27,37,23,66,43,49,135,35
gene_0461,44,222,55,55,58,138,12,28,51,145,26,49
gene_0462,25,59,25,29,27,28,5,9,13,3,14,3
gene_0463,11,20,15,7,15,16,9,15,10,8,13,7
gene_0464,7,4,3,6,5,23,11,8,8,1,8,4
gene_0465,0,1,34,43,30,4,19,25,12,4,44,16
gene_0466,21,48,42,36,43,16,52,34,46,16,99,18
gene_0467,38,74,31,53,42,37,37,54,64,55,25,23
gene_0468,81,1545,235,444,704,197,780,304,855,496,1144,268
gene_0469,307,263,119,135,86,239,291,294,171,166,125,292
gene_0470,22,52,13,15,33,50,29,8,20,30,22,11
gene_0471,55,161,42,45,68,113,207,125,14,34,147,22
gene_0472,11,40,45,41,5,37,45,27,70,49,93,16
gene_0473,96,11,80,9,66,71,12,41,68,6,22,89
gene_0474,39,105,59,53,78,96,130,172,155,35,28,18
gene_0475,42,11,66,68,33,245,120,273,108,209,380,147
gene_0476,22,75,27,54,62,31,42,85,51,77,44,34
gene_0477,57,204,45,20,40,83,117,435,45,481,235,91
gene_0478,9,37,24,21,8,8,24,87,11,102,23,53
gene_0479,107,53,61,44,44,14,74,106,47,181,61,52
gene_0480,806,436,617,1840,690,263,2994,1157,1974,549,1416,770
gene_0481,32,198,52,91,81,53,90,52,132,39,41,15
gene_0482,462,296,393,367,695,83,322,380,242,361,95,222
gene_0483,31,118,47,6,24,70,78,71,132,65,91,43
gene_0484,87,68,58,35,128,156,354,256,112,128,169,30
gene_0485,51,154,65,69,69,46,59,85,92,71,85,56
gene_0486,29,72,6,30,97,6,10,17,60,28,80,66
gene_0487,0,39,29,55,21,14,18,40,13,6,4,1
gene_0488,260,214,110,62,10,66,138,165,37,128,134,68
gene_0489,4,4,9,28,31,42,10,25,57,32,35,50
gene_0490,14,64,211,6,248,115,73,101,48,1,66,1
gene_0491,92,203,284,153,284,151,375,420,350,82,91,205
gene_0492,48,354,262,119,76,110,81,99,135,75,188,84
gene_0493,93,31,44,43,53,99,192,0,37,42,17,0
gene_0494,103,107,25,39,52,192,109,91,123,31,67,77
gene_0495,6,67,24,136,21,18,66,29,51,32,86,15
gene_0496,582,31,416,100,146,423,6,390,22,104,87,203
gene_0497,11,33,8,2,3,2,2,19,3,10,7,10
gene_0498,12,90,53,42,30,56,143,38,24,11,27,125
gene_0499,10,18,7,5,11,4,5,4,17,12,6,7
gene_0500,18,26,12,16,13,40,13,16,7,31,8,31
gene_0501,116,703,69,160,155,291,658,123,233,145,614,268
gene_0502,71,365,93,138,148,175,195,90,48,297,255,15
gene_0503,32,29,31,22,32,32,30,47,16,24,26,43
gene_0504,10,19,13,16,13,13,16,17,17,10,10,21
gene_0505,0,6,2,8,2,0,3,3,7,5,2,1
gene_0506,85,24,14,13,47,27,36,43,67,40,49,45
gene_0507,771,1183,134,826,495,1114,1577,558,886,788,565,888
gene_0508,37,254,39,59,15,12,45,129,56,186,99,228
gene_0509,142,72,9,6,7,149,1,53,111,6,8,86
gene_0510,128,41,86,25,67,194,180,107,90,211,110,42
gene_0511,6,7,4,8,6,16,11,5,45,12,29,6
gene_0512,30,90,36,45,18,27,94,71,66,27,50,29
gene_0513,23,272,55,71,33,80,61,51,103,86,61,43
gene_0514,55,70,131,11,64,64,73,56,126,42,93,38
gene_0515,43,317,102,139,134,99,117,209,67,166,74,118
gene_0516,165,180,106,76,83,88,91,201,65,70,139,48
gene_0517,0,1,181,84,56,0,48,5,242,50,32,106
gene_0518,49,74,56,8,43,3,12,24,20,45,62,54
gene_0519,101,79,287,209,95,72,222,272,222,104,130,144
gene_0520,280,716,286,235,980,533,572,502,494,249,87,113
gene_0521,20,35,12,35,17,17,24,15,27,32,40,13
gene_0522,24,19,10,3,1,12,14,33,18,57,50,61
gene_0523,403,189,72,16,295,238,333,248,419,211,204,404
gene_0524,135,35,19,51,166,0,66,67,21,81,107,10
gene_0525,600,165,134,94,387,225,128,120,535,353,282,554
gene_0526,154,58,45,41,31,44,37,99,63,70,60,49
gene_0527,179,395,371,294,214,326,267,413,310,181,435,361
gene_0528,64,76,12,23,84,30,115,76,40,105,89,15
gene_0529,42,24,83,55,67,48,76,23,137,88,154,36
gene_0530,365,355,253,216,253,307,409,370,266,283,577,359
gene_0531,16,123,39,14,87,20,3,8,65,27,87,56
gene_0532,48,31,12,21,10,37,32,16,35,28,20,41
gene_0533,39,43,51,56,35,28,5,27,63,73,39,81
gene_0534,69,115,44,54,54,12,238,91,166,45,75,18
gene_0535,6,39,9,12,15,15,11,5,25,11,10,14
gene_0536,28,94,69,47,42,48,275,96,143,80,111,193
gene_0537,8,28,28,24,30,34,6,24,14,33,52,14
gene_0538,208,402,141,260,676,570,403,77,266,142,375,175
gene_0539,3,11,1,0,10,1,6,8,4,48,10,6
gene_0540,18,56,77,1,41,34,49,81,8,9,22,28
gene_0541,8,27,16,4,10,21,14,1,7,9,8,6
gene_0542,34,76,13,26,23,30,32,42,34,47,22,17
gene_0543,17,7,36,8,65,188,210,80,135,69,90,164
gene_0544,12,102,53,14,52,37,51,48,46,26,41,36
gene_0545,110,31,150,36,63,127,139,56,104,18,132,36
gene_0546,40,5,85,181,162,1,33,175,20,55,4,29
gene_0547,32,159,44,12,42,107,63,75,70,15,244,67
gene_0548,8,38,48,21,36,15,18,23,14,28,32,11
gene_0549,44,166,268,125,333,88,47,66,12,29,203,46
gene_0550,189,336,32,129,196,59,161,106,129,23,232,154
gene_0551,39,101,207,67,84,128,64,77,310,160,137,66
gene_0552,114,261,55,32,156,51,61,217,42,204,88,72
gene_0553,12,0,83,479,0,111,1404,193,266,938,462,116
gene_0554,655,640,930,267,733,591,317,586,937,928,640,223
gene_0555,33,14,14,34,44,106,126,1,51,28,16,19
gene_0556,72,118,44,14,35,45,34,126,22,66,32,76
gene_0557,40,43,31,9,12,62,39,36,88,54,7,33
gene_0558,11,52,31,22,42,27,61,27,29,11,17,12
gene_0559,8,4,8,14,14,17,17,30,44,9,1,8
gene_0560,15,42,5,3,53,111,31,14,8,37,52,61
gene_0561,67,21,76,15,5,102,72,98,3,31,121,63
gene_0562,46,179,78,113,46,204,131,57,143,66,84,17
gene_0563,55,117,67,25,40,175,103,33,84,28,78,63
gene_0564,25,101,11,19,5,10,37,33,20,5,58,25
gene_0565,318,445,283,107,180,69,408,94,133,89,129,119
gene_0566,92,188,88,52,50,49,116,165,119,95,131,40
gene_0567,26,97,28,95,16,78,40,13,98,26,38,9
gene_0568,32,32,43,20,14,44,26,36,42,6,39,4
gene_0569,103,282,13,137,63,49,173,94,96,182,74,301
gene_0570,78,125,96,53,135,15,96,62,44,72,76,55
gene_0571,17,11,5,29,12,19,1,55,8,0,24,10
gene_0572,45,84,49,42,53,6,95,50,55,54,83,44
gene_0573,59,228,104,37,82,84,125,92,123,46,65,25
gene_0574,38,60,36,31,14,28,19,13,16,40,15,11
gene_0575,36,88,147,35,49,78,88,200,113,47,65,40
gene_0576,7,58,10,16,12,16,73,19,5,63,38,75
gene_0577,35,118,691,45,537,145,163,89,104,421,324,170
gene_0578,64,173,391,135,89,72,24,388,593,266,215,84
gene_0579,15,37,23,26,91,254,34,68,30,81,35,65
gene_0580,103,70,35,117,107,115,69,100,118,80,70,69
gene_0581,18,3,3,2,9,4,1,6,16,3,2,1
gene_0582,54,32,42,26,9,50,72,22,2,9,0,63
gene_0583,58,246,83,73,24,35,19,22,23,75,18,94
gene_0584,19,21,10,28,21,50,39,10,31,12,16,17
gene_0585,104,88,121,102,316,228,290,240,106,185,92,139
gene_0586,79,1847,1140,334,733,497,643,360,365,163,637,325
gene_0587,11,19,37,7,46,6,15,32,9,6,27,19
gene_0588,15,79,16,5,29,32,22,70,45,13,78,17
gene_0589,31,73,72,62,54,145,156,23,76,133,26,40
gene_0590,297,187,298,593,27,178,205,475,237,699,21,74
gene_0591,14,50,26,28,14,23,21,7,16,18,17,22
gene_0592,60,450,163,10,63,151,86,41,107,19,147,29
gene_0593,106,1419,459,756,297,373,1138,265,332,242,220,316
gene_0594,14,14,13,14,12,18,1,59,5,5,4,26
gene_0595,21,32,16,12,8,13,15,19,17,5,18,17
gene_0596,47,34,45,60,23,89,13,41,61,30,37,47
gene_0597,28,41,33,49,83,60,40,45,55,21,74,15
gene_0598,5,106,196,42,9,142,33,109,247,40,136,85
gene_0599,66,78,107,25,11,146,43,31,46,33,148,143
gene_0600,16,12,9,6,5,12,11,18,8,17,11,17
gene_0601,18,156,170,99,13,76,170,64,264,23,143,79
gene_0602,19,59,45,9,27,1,2,2,6,5,6,39
gene_0603,297,361,95,90,139,196,94,287,177,189,32,137
gene_0604,16,73,13,49,44,43,33,57,16,51,17,43
gene_0605,24,79,25,26,16,5,25,22,13,28,23,15
gene_0606,245,111,112,110,133,23,194,65,88,205,59,141
gene_0607,130,210,96,246,174,122,123,126,125,119,224,248
gene_0608,114,1247,49,29,88,62,164,47,70,59,380,77
gene_0609,11,10,12,4,13,6,6,24,34,12,9,5
gene_0610,11,245,128,52,78,45,198,313,9,25,62,61
gene_0611,15,18,14,13,14,19,25,21,24,18,23,32
gene_0612,34,184,86,126,6,58,57,100,81,48,57,81
gene_0613,3,19,17,17,17,28,40,9,36,10,24,7
gene_0614,69,151,159,75,82,28,379,112,175,171,192,63
gene_0615,8,31,213,13,26,13,68,93,28,23,84,140
gene_0616,13,22,0,15,0,21,22,38,44,3,6,8
gene_0617,37,117,136,234,31,140,134,49,46,149,114,270
gene_0618,80,157,91,117,66,86,17,22,16,15,44,15
gene_0619,13,102,15,61,14,3,71,62,96,105,45,112
gene_0620,202,156,191,209,237,296,76,163,273,255,176,124
gene_0621,78,49,15,11,48,43,9,9,11,25,14,17
gene_0622,81,10,82,42,35,72,146,36,8,74,51,3
gene_0623,53,139,137,83,115,165,151,377,215,45,359,130
gene_0624,65,20,11,40,37,17,14,76,61,10,32,21
gene_0625,94,167,117,112,146,81,206,153,322,121,49,161
gene_0626,52,41,59,49,39,25,52,71,83,29,59,36
gene_0627,0,2,12,27,13,38,25,128,37,1,173,91
gene_0628,40,482,68,632,151,576,247,414,44,135,291,424
gene_0629,20,65,10,36,0,52,26,17,18,15,54,11
gene_0630,1,10,7,0,6,4,10,1,23,5,2,43
gene_0631,211,134,1014,278,81,120,231,66,1389,36,247,195
gene_0632,895,1096,2742,767,726,657,1364,365,440,25,237,782
gene_0633,47,56,114,5,14,32,45,76,25,65,77,132
gene_0634,15,20,6,7,1,0,0,5,22,15,7,17
gene_0635,11,47,21,96,20,34,1,191,5,18,134,125
gene_0636,6,54,9,25,34,80,271,193,175,120,101,197
gene_0637,22,66,25,34,25,52,16,56,88,41,53,31
gene_0638,5,34,34,8,25,4,24,31,13,29,4,6
gene_0639,0,108,36,98,120,3,44,14,14,3,17,46
gene_0640,58,57,14,48,24,73,368,233,92,236,244,15
gene_0641,9,57,13,37,17,22,20,10,7,13,5,1
gene_0642,132,220,144,159,62,41,12,238,243,27,131,3
gene_0643,1784,806,603,331,767,727,738,451,517,221,958,366
gene_0644,59,75,94,82,123,52,18,9,24,28,37,12
gene_0645,4,6,33,37,48,1,17,0,0,214,48,79
gene_0646,38,6,42,21,69,14,28,22,26,41,121,14
gene_0647,35,51,89,76,286,103,402,6,90,225,134,47
gene_0648,8,29,13,16,17,16,12,7,11,14,11,10
gene_0649,62,113,71,50,61,77,64,56,72,81,73,79
gene_0650,19,25,27,8,68,77,82,15,47,110,60,54
gene_0651,224,571,268,711,109,439,314,617,327,214,315,217
gene_0652,74,76,55,54,56,33,25,139,160,32,108,11
gene_0653,359,353,643,229,114,111,363,217,226,205,350,289
gene_0654,44,61,8,0,5,55,2,19,6,3,11,67
gene_0655,106,146,279,97,470,116,33,106,77,82,194,89
gene_0656,59,183,51,107,80,35,6,168,19,41,7,8
gene_0657,22,39,31,37,18,22,30,37,37,16,24,22
gene_0658,27,68,80,75,9,82,79,65,642,546,927,352
gene_0659,100,197,309,189,346,265,165,88,155,103,490,118
gene_0660,9,5,85,143,56,11,12,14,7,75,142,1
gene_0661,1,0,14,2,26,5,12,40,6,14,4,8
gene_0662,25,193,121,102,59,117,10,65,56,4,26,68
gene_0663,13,81,18,35,26,60,56,44,24,46,24,21
gene_0664,3,55,13,22,32,9,49,146,25,7,10,135
gene_0665,16,67,133,9,31,45,112,0,4,6,27,46
gene_0666,17,0,4,12,2,2,5,1,9,16,29,1
gene_0667,11,18,2,2,8,7,18,31,10,8,15,7
gene_0668,218,82,0,89,27,47,36,8,6,72,5,27
gene_0669,5,99,111,25,46,6,47,87,146,15,59,29
gene_0670,8,10,7,9,0,4,6,5,4,4,3,4
gene_0671,117,345,133,76,79,178,503,160,221,99,70,181
gene_0672,47,147,40,117,54,40,290,185,112,86,24,44
gene_0673,49,61,17,22,23,34,11,49,23,37,30,47
gene_0674,11,9,22,1,17,11,9,3,12,3,14,2
gene_0675,29,60,56,58,141,114,43,63,115,238,88,264
gene_0676,116,72,103,85,34,290,85,166,104,238,71,35
gene_0677,670,2582,647,748,1310,656,1697,252,1751,597,1056,340
gene_0678,80,51,104,28,44,47,3,411,301,242,31,143
gene_0679,53,257,70,83,92,64,215,332,227,159,278,198
gene_0680,44,152,54,25,11,2,33,56,69,93,26,49
gene_0681,185,315,181,114,123,182,141,219,122,70,187,81
gene_0682,133,95,90,162,80,119,145,162,92,185,268,127
gene_0683,88,154,343,103,147,440,216,62,481,362,111,143
gene_0684,36,24,60,23,43,52,15,15,32,16,48,39
gene_0685,42,77,46,47,59,57,71,30,23,25,68,15
gene_0686,52,33,49,70,28,49,33,62,22,29,16,26
gene_0687,117,84,40,175,128,126,247,699,545,888,416,263
gene_0688,166,380,248,248,282,108,64,40,35,28,72,25
gene_0689,36,114,8,48,62,85,77,103,88,19,59,42
gene_0690,35,90,27,27,14,51,47,77,62,55,34,25
gene_0691,75,122,82,62,124,71,72,127,63,34,163,98
gene_0692,69,112,96,27,49,45,48,61,92,49,42,34
gene_0693,50,993,45,42,149,101,60,179,74,120,129,122
gene_0694,18,11,5,3,12,6,5,3,8,3,4,13
gene_0695,26,8,14,13,12,10,15,8,12,12,24,52
gene_0696,41,27,33,10,29,36,26,44,39,31,29,49
gene_0697,13,11,4,0,3,0,4,13,5,15,8,9
gene_0698,22,17,32,12,36,24,7,42,20,7,27,16
gene_0699,23,23,20,18,18,43,48,27,12,8,5,30
gene_0700,52,68,49,23,52,28,76,30,62,56,58,46
gene_0701,22,336,45,196,186,376,179,95,119,179,109,108
gene_0702,58,29,102,91,40,23,32,26,37,55,128,47
gene_0703,4,20,18,26,14,11,28,55,40,13,22,7
gene_0704,34,120,2,49,27,10,51,2,12,22,165,33
gene_0705,185,147,364,350,229,105,194,165,267,282,271,312
gene_0706,48,23,5,13,21,14,37,17,44,23,34,34
gene_0707,8,22,56,21,18,7,33,5,17,73,11,13
gene_0708,67,298,35,77,199,40,605,168,21,53,109,195
gene_0709,33,119,8,98,34,79,31,153,65,92,9,68
gene_0710,102,248,47,49,110,60,311,108,246,43,205,141
gene_0711,23,291,47,25,47,266,89,13,184,50,124,34
gene_0712,140,226,212,168,102,72,53,110,135,40,186,155
gene_0713,1,127,3,19,32,28,16,8,2,7,31,14
gene_0714,43,173,74,33,42,51,86,56,91,89,63,35
gene_0715,81,51,54,63,36,60,24,56,34,28,112,55
gene_0716,11,6,16,9,19,4,18,52,24,45,43,15
gene_0717,9,16,8,3,5,7,41,26,22,17,22,9
gene_0718,171,351,136,101,255,91,12,169,243,152,115,141
gene_0719,50,51,39,6,39,51,45,18,20,58,20,5
gene_0720,37,49,37,22,18,47,13,39,8,36,45,19
gene_0721,57,146,34,24,26,47,217,150,59,60,29,43
gene_0722,232,237,168,137,157,319,182,260,104,119,195,104
gene_0723,5,5,7,7,11,5,8,8,5,6,5,8
gene_0724,25,31,30,19,3,8,3,2,5,6,25,20
gene_0725,38,88,3,30,43,1,15,20,18,4,19,15
gene_0726,659,138,221,32,214,502,845,656,692,201,291,458
gene_0727,47,118,90,35,77,103,5,108,117,116,109,104
gene_0728,270,235,128,58,80,145,190,232,226,44,129,170
gene_0729,1,46,7,28,49,19,61,14,11,11,3,5
gene_0730,32,13,27,36,77,56,30,11,22,14,35,37
gene_0731,74,54,83,11,77,158,26,25,10,201,59,81
gene_0732,89,323,33,106,31,33,100,151,68,100,12,166
gene_0733,108,295,21,74,128,21,8,30,71,6,9,39
gene_0734,70,58,9,45,106,51,36,122,42,36,76,51
gene_0735,31,221,97,51,59,86,62,69,72,63,117,27
gene_0736,9,27,27,50,96,18,28,163,6,123,77,78
gene_0737,15,118,14,93,89,18,273,116,99,220,109,216
gene_0738,15,337,44,45,255,512,85,73,292,270,114,222
gene_0739,24,13,11,5,10,8,3,0,8,40,2,21
gene_0740,4,6,2,6,13,2,10,12,6,2,9,16
gene_0741,84,358,189,95,153,90,173,237,122,147,120,103
gene_0742,174,256,116,206,241,95,555,366,124,343,257,329
gene_0743,8,31,17,17,4,14,11,59,12,54,48,10
gene_0744,7,16,10,2,3,11,32,38,20,12,44,18
gene_0745,44,123,104,65,88,75,10,104,95,96,118,14
gene_0746,233,122,198,125,179,138,182,127,111,148,90,91
gene_0747,212,453,380,550,272,156,696,295,618,354,500,121
gene_0748,0,47,4,92,132,13,48,1,38,82,215,14
gene_0749,30,97,30,34,19,13,28,17,134,31,64,47
gene_0750,5,40,31,8,2,9,12,49,15,24,57,19
gene_0751,26,46,59,2,42,27,8,82,156,16,43,70
gene_0752,20,43,38,24,16,16,72,26,133,34,95,18
gene_0753,32,65,11,11,6,47,23,30,22,15,16,21
gene_0754,585,305,194,707,301,363,579,202,481,395,438,823
gene_0755,236,549,306,249,363,308,564,257,371,310,669,241
gene_0756,117,640,61,48,190,151,672,37,100,481,20,302
gene_0757,33,24,45,1,54,5,7,4,34,36,22,19
gene_0758,152,296,82,20,128,17,208,121,261,29,77,456
gene_0759,117,180,81,117,58,92,90,141,91,22,195,54
gene_0760,15,34,38,58,158,94,38,7,16,264,21,49
gene_0761,503,250,15,223,86,216,149,25,219,347,27,96
gene_0762,53,175,112,72,88,128,172,319,125,41,97,93
gene_0763,98,201,83,191,93,137,159,141,83,137,135,103
gene_0764,43,86,217,142,46,151,84,155,186,72,89,92
gene_0765,53,90,8,61,509,57,130,64,10,37,16,65
gene_0766,6,7,22,8,10,8,3,38,14,10,24,15
gene_0767,61,81,63,130,11,57,44,202,69,58,136,102
gene_0768,17,26,63,1,43,10,30,96,8,29,14,33
gene_0769,20,59,14,9,5,28,21,40,10,9,19,12
gene_0770,477,1282,184,179,240,216,150,539,281,191,442,56
gene_0771,26,169,479,254,528,358,503,226,225,51,183,115
gene_0772,291,74,133,340,166,304,412,432,8,118,312,404
gene_0773,63,131,92,38,45,8,18,218,57,69,167,15
gene_0774,113,328,201,89,87,42,334,118,78,73,74,177
gene_0775,75,151,70,38,100,114,124,74,52,40,97,85
gene_0776,140,37,92,34,39,95,4,178,13,55,220,113
gene_0777,5,21,10,2,25,44,24,10,10,3,69,42
gene_0778,138,129,53,154,131,62,36,76,84,98,276,278
gene_0779,53,45,85,3,33,130,10,48,56,26,80,24
gene_0780,5,0,7,15,2,12,0,21,7,3,2,3
gene_0781,28,137,41,17,79,64,42,20,37,43,15,6
gene_0782,23,56,138,19,83,46,152,2,7,121,3,26
gene_0783,97,552,311,118,260,516,892,1472,479,357,339,187
gene_0784,115,364,195,138,110,84,127,177,141,154,165,95
gene_0785,52,174,24,112,104,48,109,186,1,18,98,45
gene_0786,51,85,97,451,14,75,14,518,8,21,237,83
gene_0787,70,154,31,69,44,80,9,164,6,83,34,37
gene_0788,36,195,33,7,14,90,35,38,43,75,177,31
gene_0789,22,78,7,13,23,41,44,28,45,25,14,13
gene_0790,48,106,25,42,80,43,56,31,57,54,22,67
gene_0791,27,53,9,17,40,23,5,3,8,3,6,6
gene_0792,7,26,66,19,13,16,5,33,2,26,28,17
gene_0793,31,195,88,85,95,74,47,35,23,5,20,8
gene_0794,95,212,91,50,87,59,152,216,162,87,81,51
gene_0795,3,17,16,4,2,26,23,2,23,8,11,15
gene_0796,46,6,34,12,219,4,128,40,63,97,37,0
gene_0797,190,598,118,180,195,120,60,152,154,35,270,177
gene_0798,104,259,124,231,69,142,340,54,346,226,65,592
gene_0799,623,238,72,42,85,122,262,266,118,107,418,189
gene_0800,53,311,19,65,54,116,15,62,69,18,197,46
gene_0801,33,47,45,42,34,29,19,7,10,28,29,42
gene_0802,32,38,19,12,30,33,17,52,29,13,19,8
gene_0803,198,99,68,102,74,142,274,88,122,87,80,34
gene_0804,123,185,110,6,70,155,81,35,1,157,35,145
gene_0805,262,139,109,193,144,99,304,401,194,396,255,216
gene_0806,82,521,235,121,236,358,305,390,339,418,175,42
gene_0807,53,92,110,28,120,30,42,16,33,63,38,85
gene_0808,28,49,18,18,8,5,31,4,26,12,45,14
gene_0809,60,96,43,66,42,3,49,39,38,12,30,24
gene_0810,21,178,124,47,32,83,277,86,158,176,78,67
gene_0811,65,146,179,33,29,2,8,1,24,32,261,12
gene_0812,9,66,34,24,31,31,44,18,17,14,35,47
gene_0813,45,209,93,40,104,74,146,215,73,48,152,30
gene_0814,22,50,45,53,57,77,17,51,53,20,33,44
gene_0815,48,47,16,25,17,84,59,82,43,34,23,22
gene_0816,45,160,33,28,101,54,54,233,15,191,15,26
gene_0817,56,114,63,17,67,53,17,35,50,55,76,39
gene_0818,69,198,46,109,88,119,62,66,106,107,65,74
gene_0819,43,19,52,67,34,27,97,109,86,179,67,46
gene_0820,44,135,23,8,29,9,22,26,40,23,22,4
gene_0821,24,42,33,13,57,81,12,26,45,61,19,29
gene_0822,184,682,145,685,259,501,375,219,110,71,332,53
gene_0823,19,57,30,7,12,9,1,16,53,3,29,20
gene_0824,5,11,17,14,11,3,1,9,25,5,27,1
gene_0825,25,34,30,9,51,0,16,17,16,3,25,4
gene_0826,68,15,134,25,6,63,63,42,35,176,60,157
gene_0827,40,25,27,25,40,28,61,90,122,50,115,28
gene_0828,104,160,24,38,49,37,60,49,34,30,143,75
gene_0829,280,594,123,14,10,74,160,209,95,673,383,143
gene_0830,4,3,12,1,14,1,4,5,6,3,4,0
gene_0831,111,213,71,101,80,51,98,143,90,70,113,108
gene_0832,128,942,219,577,167,375,444,86,550,118,566,328
gene_0833,6,71,42,15,3,44,13,24,7,7,3,11
gene_0834,3,42,23,33,25,50,11,37,31,74,32,43
gene_0835,1,53,36,30,32,54,39,31,14,7,1,26
gene_0836,36,44,35,10,25,16,29,45,43,13,21,26
gene_0837,40,61,22,42,21,30,25,21,67,73,13,21
gene_0838,11,717,685,86,259,114,724,679,137,78,182,49
gene_0839,290,525,144,285,311,100,308,316,513,356,985,140
gene_0840,49,102,26,36,50,41,57,49,67,37,65,59
gene_0841,187,578,299,221,250,341,337,235,703,971,263,149
gene_0842,33,97,24,33,32,45,47,34,105,63,91,60
gene_0843,681,402,540,357,448,550,446,158,266,608,283,202
gene_0844,37,132,42,76,14,129,49,63,121,43,58,142
gene_0845,14,23,40,80,11,75,42,51,12,64,164,21
gene_0846,74,257,38,51,75,61,43,176,80,81,47,42
gene_0847,58,12105,1665,2425,1630,235,4295,1899,1834,820,1881,3348
gene_0848,187,245,101,130,20,69,56,192,120,199,237,94
gene_0849,12,44,39,54,50,23,29,30,30,28,20,14
gene_0850,80,70,161,326,35,187,160,148,143,195,202,114
gene_0851,98,63,24,40,29,36,21,102,39,55,28,25
gene_0852,21,82,43,61,32,56,40,28,64,46,53,84
gene_0853,67,440,63,245,250,213,365,20,141,79,185,38
gene_0854,23,118,40,48,116,96,26,77,70,117,22,80
gene_0855,122,230,48,117,78,51,60,43,42,95,27,160
gene_0856,57,24,43,46,23,5,88,34,92,27,4,85
gene_0857,52,159,21,115,36,32,24,81,17,31,105,41
gene_0858,67,276,132,84,167,94,115,87,174,26,120,112
gene_0859,13,21,2,29,16,1,8,1,2,3,14,9
gene_0860,115,450,23,140,123,236,163,118,142,102,108,137
gene_0861,13,113,33,31,22,51,18,55,25,6,42,31
gene_0862,20,26,37,7,14,12,6,14,24,5,14,11
gene_0863,24,1,8,97,5,16,23,55,48,21,32,62
gene_0864,36,161,47,12,14,57,77,63,58,59,39,69
gene_0865,44,15,68,23,15,127,23,50,28,55,28,21
gene_0866,134,13,116,38,29,20,526,259,57,82,151,36
gene_0867,5,48,11,10,15,23,26,36,15,15,7,15
gene_0868,31,80,27,27,26,21,27,143,129,15,39,131
gene_0869,69,62,70,22,7,87,32,49,16,17,40,20
gene_0870,16,16,123,125,21,174,213,61,3,124,0,56
gene_0871,34,7,423,22,70,29,6,177,16,25,420,16
gene_0872,8,29,33,15,11,21,13,32,28,8,29,33
gene_0873,113,129,97,56,147,32,52,130,100,116,87,128
gene_0874,7,92,0,138,66,109,13,23,67,58,50,16
gene_0875,0,23,5,10,10,17,28,27,4,5,20,7
gene_0876,9,15,8,10,11,9,16,15,13,9,25,5
gene_0877,43,37,41,37,105,86,71,55,99,28,40,61
gene_0878,47,54,74,48,122,115,39,21,13,29,77,4
gene_0879,10,104,70,13,47,22,85,106,3,25,67,62
gene_0880,108,129,33,26,30,81,58,25,62,49,128,14
gene_0881,109,134,133,49,44,109,140,166,51,43,53,42
gene_0882,199,280,355,232,194,133,110,224,211,298,233,229
gene_0883,40,52,13,28,7,29,13,16,37,19,29,5
gene_0884,5,4,24,13,25,4,18,37,27,8,27,29
gene_0885,12,49,36,6,5,2,18,35,6,14,36,17
gene_0886,87,41,80,134,68,92,57,49,141,43,80,72
gene_0887,246,30,124,40,240,363,114,299,56,2,252,76
gene_0888,34,86,38,26,20,25,42,30,58,66,91,26
gene_0889,2,7,3,2,9,4,5,3,9,2,1,4
gene_0890,18,18,17,5,10,8,22,11,8,8,9,24
gene_0891,24,37,32,24,26,27,30,10,32,16,20,36
gene_0892,43,18,98,33,6,30,75,62,38,20,22,17
gene_0893,31,66,23,62,17,28,14,32,60,11,48,41
gene_0894,99,94,40,14,23,59,85,54,99,66,83,15
gene_0895,50,34,4,71,60,30,43,129,46,41,25,28
gene_0896,210,500,231,208,78,209,112,225,336,83,200,82
gene_0897,22,36,11,13,44,24,12,9,59,87,35,35
gene_0898,27,20,65,23,4,40,36,40,33,11,17,18
gene_0899,51,126,49,156,99,124,142,142,151,81,53,118
gene_0900,7,13,0,0,0,6,27,14,8,1,4,1
gene_0901,151,16,138,272,3,101,11,9,2,8,89,2
gene_0902,32,166,40,66,35,72,159,46,90,34,77,2
gene_0903,57,133,43,27,58,39,175,141,211,50,198,112
gene_0904,509,385,44,223,156,321,237,330,110,126,204,213
gene_0905,33,52,67,85,25,41,76,55,54,23,41,11
gene_0906,75,594,111,584,154,971,546,268,495,327,371,512
gene_0907,1,107,33,4,51,93,4,120,68,6,41,62
gene_0908,19,20,2,5,15,32,8,88,13,26,49,9
gene_0909,40,135,82,56,65,43,123,29,97,84,84,52
gene_0910,7,39,8,13,14,17,15,20,25,10,22,22
gene_0911,17,1,4,6,41,64,24,4,22,4,32,2
gene_0912,87,200,267,105,25,20,220,20,304,16,0,30
gene_0913,68,169,26,48,97,220,80,48,219,98,553,53
gene_0914,28,241,9,6,31,35,24,28,17,49,47,10
gene_0915,120,95,225,105,64,115,55,365,131,136,120,177
gene_0916,115,355,219,228,275,410,230,285,47,262,83,229
gene_0917,217,225,247,166,932,540,304,601,72,72,180,58
gene_0918,7,465,15,112,411,3,398,22,755,637,118,30
gene_0919,155,163,248,213,59,409,329,203,209,284,352,70
gene_0920,1,5,2,10,3,11,0,31,48,9,15,20
gene_0921,18,81,19,32,40,62,44,20,20,42,173,43
gene_0922,28,36,18,27,24,25,33,37,59,29,29,7
gene_0923,51,64,92,50,99,90,107,85,85,92,86,31
gene_0924,27,92,42,52,49,57,46,50,20,40,40,44
gene_0925,89,51,13,31,35,65,156,134,38,38,40,33
gene_0926,719,740,170,568,295,313,575,125,103,284,261,255
gene_0927,13,87,38,49,26,23,59,50,195,148,87,33
gene_0928,59,628,52,129,93,45,28,292,71,62,29,44
gene_0929,5,71,24,29,21,62,59,28,84,31,66,28
gene_0930,84,55,49,91,58,140,67,31,15,33,115,69
gene_0931,55,117,60,61,31,47,108,117,89,71,72,27
gene_0932,17,175,15,36,78,164,43,183,68,215,96,28
gene_0933,102,1008,317,83,307,132,191,96,185,214,265,113
gene_0934,166,513,508,261,165,138,314,268,345,477,258,298
gene_0935,35,40,37,147,60,24,118,28,123,119,94,108
gene_0936,7,105,367,101,232,246,296,36,44,15,12,22
gene_0937,35,37,18,27,36,11,22,33,21,43,12,16
gene_0938,25,106,34,74,30,75,54,77,40,54,60,57
gene_0939,140,62,96,95,62,182,75,159,123,375,211,198
gene_0940,153,161,372,135,6,271,116,50,292,242,195,213
gene_0941,129,393,18,78,121,68,205,21,209,10,63,23
gene_0942,0,165,222,27,287,39,263,23,50,209,123,365
gene_0943,87,225,110,38,93,102,118,92,166,69,107,148
gene_0944,211,45,8,196,46,308,9,71,62,11,1,162
gene_0945,66,49,41,85,23,14,32,131,93,116,78,89
gene_0946,2,38,131,43,82,96,47,4,45,77,3,31
gene_0947,35,140,266,108,52,165,45,105,110,30,119,233
gene_0948,3,5,9,13,1,3,4,3,8,1,5,2
gene_0949,259,89,103,101,80,151,57,17,79,62,130,64
gene_0950,1,1,2,1,0,1,5,2,1,3,6,2
gene_0951,12,8,8,4,18,5,10,1,14,17,11,8
gene_0952,142,157,176,7,66,23,187,48,62,262,109,115
gene_0953,19,345,37,36,209,111,38,60,26,260,4,34
gene_0954,15,16,2,26,4,21,25,20,23,19,13,0
gene_0955,38,83,23,12,18,25,42,35,8,36,27,17
gene_0956,33,2104,314,345,118,192,13,432,329,383,0,36
gene_0957,6,20,87,81,36,20,35,39,31,10,78,46
gene_0958,526,717,1430,1000,562,1060,210,149,849,427,324,1674
gene_0959,16,187,5,20,127,123,12,23,135,116,120,34
gene_0960,105,103,188,42,95,70,55,5,25,18,141,28
gene_0961,582,332,85,568,40,209,398,1332,215,36,1012,12
gene_0962,25,220,211,96,31,20,40,213,120,37,19,102
gene_0963,19,46,13,11,16,30,30,19,37,12,27,33
gene_0964,102,6,9,20,7,20,45,121,164,49,58,58
gene_0965,50,38,94,158,43,86,116,86,86,56,5,25
gene_0966,23,17,11,13,16,10,36,17,30,24,13,14
gene_0967,41,20,36,13,45,13,205,12,10,52,33,64
gene_0968,18,87,11,66,36,13,56,40,13,46,13,18
gene_0969,106,153,39,704,237,40,193,33,489,42,94,175
gene_0970,5,145,142,6,54,116,11,5,65,161,62,42
gene_0971,72,87,7,29,13,65,41,57,148,12,28,5
gene_0972,26,190,44,45,87,25,46,90,38,8,52,65
gene_0973,82,17,26,56,105,42,129,132,11,68,115,66
gene_0974,93,271,122,193,79,234,92,203,103,49,76,117
gene_0975,14,72,21,54,11,29,52,14,13,15,30,39
gene_0976,21,28,30,6,9,17,16,85,30,26,57,8
gene_0977,171,260,258,288,356,218,29,56,6,11,36,16
gene_0978,22,73,83,20,60,82,49,26,94,59,33,64
gene_0979,12,14,74,3,6,29,0,38,10,1,6,12
gene_0980,42,0,17,104,195,150,131,179,3,44,95,1
gene_0981,95,8,135,73,126,123,116,42,171,35,31,69
gene_0982,8,33,0,13,22,18,18,1,26,5,9,13
gene_0983,203,523,1,47,36,129,8,3,66,6,1,31
gene_0984,77,155,153,60,133,79,91,285,108,154,76,82
gene_0985,221,41,4,69,0,25,440,129,4,547,379,22
gene_0986,62,151,163,82,22,123,101,131,18,85,64,115
gene_0987,2,32,9,9,21,0,5,10,47,24,8,4
gene_0988,82,104,63,37,48,69,98,161,86,77,57,53
gene_0989,93,42,52,5,16,30,32,113,79,20,32,31
gene_0990,12,2,160,33,29,30,6,7,86,4,82,73
gene_0991,155,300,72,44,30,120,58,154,98,41,870,58
gene_0992,39,641,201,180,313,111,252,354,291,491,258,91
gene_0993,75,1896,180,89,344,484,454,741,380,439,265,361
gene_0994,213,146,61,51,217,444,251,368,221,28,313,250
gene_0995,18,24,28,75,32,15,11,77,20,74,81,20
gene_0996,28,20,9,28,114,77,13,30,79,23,30,239
gene_0997,323,404,82,65,160,140,115,65,158,88,176,180
gene_0998,51,388,156,33,70,12,44,86,158,86,143,53
gene_0999,38,36,82,40,43,81,63,62,89,107,95,34
gene_1000,90,35,253,67,92,265,37,67,91,85,414,60
