gene,log2fc,pvalue,tstat,padj,neg_log10_p
GENE_0000,-0.1306940559230032,0.5191416814749406,-0.659065205808083,0.8376149847605219,0.28471410056086216
GENE_0001,0.034767236897227605,0.8410544672200745,0.20362376062116141,0.9599941367261362,0.07517587810558832
GENE_0002,-0.003420723565062289,0.9865902889766711,-0.017043647653965315,0.9940456312107517,0.005863163620078146
GENE_0003,0.41763171576717184,0.05501826249817745,2.051949206032219,0.34296072619636425,1.259493128947586
GENE_0004,0.2609521170908806,0.38688050534240775,0.8930579228638225,0.7549662854406007,0.41242315354451903
GENE_0005,0.02186853055614968,0.9320985263180749,0.08642026510073328,0.9709359649146614,0.03053817866031011
GENE_0006,0.24833468013297644,0.31534239538625575,1.0346094200887292,0.7261972510408669,0.5012176377374383
GENE_0007,-0.08964989273168555,0.6948692161532118,-0.3993212525638681,0.8826963831094219,0.15809692785275153
GENE_0008,-0.036014203457432004,0.8866069088173548,-0.14531268784526738,0.9667415656782598,0.052268888816558876
GENE_0009,0.5697147051426743,0.10612075121073111,1.7262749246196303,0.5102708135720513,0.974199684382127
GENE_0010,0.295969594715066,0.09208379058566916,1.7852902752762552,0.48465152939825873,1.0358168114834374
GENE_0011,-0.052452810192681554,0.8326935356571525,-0.214337164820702,0.9571190065024742,0.07951480683122428
GENE_0012,0.5225812291108518,0.0349555972653169,2.3043739929248526,0.2546837971431049,1.4564832729423447
GENE_0013,-0.3180703097565658,0.21147608987294478,-1.2984008038634463,0.6457285186960146,0.674738728162437
GENE_0014,0.1838298051632581,0.5052645282673378,0.6816939883159608,0.8376149847605219,0.29648119002319995
GENE_0015,0.33787493236936683,0.19180539766981122,1.3633266899267968,0.6340674303134255,0.7171391753445542
GENE_0016,0.18652413758980568,0.45384988756717526,0.7658741366034996,0.8068442445638672,0.34308776780690187
GENE_0017,0.25436328256617635,0.33884972837405214,0.9829521712619681,0.7420282376506582,0.4699928581594068
GENE_0018,-0.05375648125356314,0.8170167685627382,-0.23504917118969773,0.9472658186234645,0.08776902985738538
GENE_0019,-0.1742433877225622,0.4958999146782073,-0.6950590068361973,0.8334452347532897,0.30460596643118676
GENE_0020,0.2794525685865352,0.26235827886812196,1.157434051163429,0.7044302361904587,0.5811052268343762
GENE_0021,-0.4537569353727786,0.12466008568776836,-1.6474643156012132,0.541982625908909,0.9042725789223438
GENE_0022,0.038677830716509654,0.8793656898061345,0.15394540341021445,0.9667415656782598,0.05583048324503184
GENE_0023,-0.2131082967648048,0.37425690267739586,-0.9115704281045043,0.7549662854406007,0.42683018091929076
GENE_0024,1.1179206006053528,2.2446042481400577e-05,5.736491831959463,0.00047254826276632795,4.6488602194712385
GENE_0025,-0.15050809002089416,0.589836560652058,-0.5494421543895242,0.8433584337339387,0.22926831147676624
GENE_0026,0.23663608421184712,0.3665896813575063,0.9277806275349947,0.7539995976652651,0.4358197635761061
GENE_0027,1.3613833230242207,6.334188811749194e-05,5.2598449135620555,0.000974490586422953,4.198308995167037
GENE_0028,0.33059111895952675,0.1975223860033623,1.3403568341303596,0.6387572153565055,0.7043836769145436
GENE_0029,-0.18674384629964358,0.4496051438249243,-0.7735337099911201,0.8068442445638672,0.3471687287512696
GENE_0030,-0.3916739412717414,0.10388380757199255,-1.7194084614929426,0.5102708135720513,0.98345214089486
GENE_0031,1.5084818879585526,2.9323418636955523e-06,7.127509305954966,0.00011729367454782209,5.532785399357775
GENE_0032,0.25035075353314795,0.32211107445285764,1.0273033071362168,0.7261972510408669,0.491994343509751
GENE_0033,0.16067391492959615,0.6234395841451913,0.5001180298762314,0.8433584337339387,0.20520562645755094
GENE_0034,1.470211419462979,1.0432587416156549e-05,6.149557451275512,0.0002454726450860364,4.981607967584827
GENE_0035,1.3307000034959344,1.9975759790568146e-05,5.74982475764568,0.0004439057731237366,4.699496693036464
GENE_0036,-0.11417550687746925,0.5205383410891848,-0.6586670175076236,0.8376149847605219,0.2835472763163498
GENE_0037,0.425559224231864,0.20740703594271281,1.3086421671460298,0.6457285186960146,0.6831765149707711
GENE_0038,-0.40139716439302653,0.14802002514887358,-1.514778218180915,0.5599128880250454,0.8296795263391856
GENE_0039,-0.10594651904254437,0.613799704443868,-0.514205060926895,0.8433584337339387,0.2119733250251283
GENE_0040,0.33179492835953983,0.18829612942975937,1.3683050531433003,0.6276537647658647,0.7251586071451726
GENE_0041,0.03767162070126062,0.8852871139140721,0.14633320344637155,0.9667415656782598,0.05291585724964432
GENE_0042,-0.05299092554828455,0.7469352271592062,-0.3278514766926697,0.913682235057133,0.12671705776560602
GENE_0043,0.5283844036646963,0.13549565647722725,1.5731705126231799,0.541982625908909,0.8680746265475616
GENE_0044,-0.06617279271780951,0.7526257218716362,-0.3203092998531137,0.9149996660091867,0.12342094323642436
GENE_0045,-0.25237623430194134,0.13750861152905586,-1.5601462383533857,0.5445885605111123,0.8616701031250662
GENE_0046,0.11327186034881365,0.6558370856684071,0.4533862390245231,0.8580059018850447,0.1832040288899505
GENE_0047,1.228065130167316,2.8529573476856753e-06,6.762894213308786,0.00011729367454782209,5.5447047210885305
GENE_0048,-0.31149020136044125,0.20484050341984944,-1.3176265692195976,0.6457285186960146,0.6885841655060948
GENE_0049,-0.31993578420501034,0.236766640556769,-1.2331738444747005,0.6779559697923613,0.6256794879402658
GENE_0050,-0.4566108054856812,0.0508771077132688,-2.128582255141314,0.3336203784476643,1.2934775856432623
GENE_0051,-0.05848612360316707,0.7918035397263252,-0.26901803911363364,0.9333283234161767,0.10138256108321515
GENE_0052,0.34272456359027537,0.1561385927849057,1.5059297198870303,0.5599128880250454,0.8064897390772893
GENE_0053,-0.027293471841642436,0.9311215506797736,-0.08779019080839418,0.9709359649146614,0.030993621549522787
GENE_0054,0.35374985536275894,0.16258553540963278,1.4629900445639559,0.5655149057726357,0.7889180944812415
GENE_0055,-0.3468091459355396,0.2082526218702203,-1.3055546507090792,0.6457285186960146,0.6814095221823939
GENE_0056,-0.20948315409706808,0.28530489711441537,-1.1036815900743528,0.7132622427860383,0.5446907738335822
GENE_0057,0.24090008432167664,0.3637978305319082,0.9325657790042728,0.7539851409987735,0.43913989513188173
GENE_0058,-0.2559065251148738,0.27639348364356603,-1.125564710730807,0.7063706261857845,0.5584722002667317
GENE_0059,-0.47979188944064344,0.06582351107500413,-1.9634895326882087,0.3923964369901387,1.1816189558333339
GENE_0060,0.31026531292888926,0.30904567361504065,1.047707833272475,0.7261972510408669,0.5099773317947446
GENE_0061,0.2803399960180393,0.3158621191431528,1.0321408287987142,0.7261972510408669,0.5005024552393822
GENE_0062,-0.22185212447462632,0.29131422410111735,-1.0878378188636704,0.7148948342278734,0.5356383094066319
GENE_0063,-0.17238557929566412,0.5711584983253876,-0.5776348765373728,0.8433584337339387,0.24324335690955812
GENE_0064,-0.011370901964853353,0.9624644373234137,-0.047805635937086526,0.9871430126393986,0.016615308530668886
GENE_0065,1.1483958854364396,0.00043179374485932724,4.602617074032787,0.0045451973143087075,3.3647236533235905
GENE_0066,0.5447524526374519,0.06685131998398479,1.9507703261994922,0.3923964369901387,1.1748900131424425
GENE_0067,-0.6974060943742009,0.00632600167634718,-3.0894339485924833,0.053682900112333454,2.198870697335213
GENE_0068,-0.030475500395709787,0.9076784585124809,-0.11809456816912525,0.9700251987406955,0.042067971330153026
GENE_0069,1.6690166923498468,1.4774875122263393e-06,7.099972002456556,0.00011647565089934613,5.83047618110262
GENE_0070,0.462623167816651,0.11275038537047011,1.6680511417550858,0.5184508091478939,0.9478819650687811
GENE_0071,-0.3988524798252051,0.10016212426366186,-1.7416075297770062,0.5071499962717056,0.9992964734087705
GENE_0072,-0.07461845568110181,0.6977499986002894,-0.3948672218198118,0.8826963831094219,0.15630015571054107
GENE_0073,1.4046891726975907,8.290679357060701e-05,5.302027512081665,0.0012282487936386222,4.081409880917253
GENE_0074,-0.14949649454168146,0.5933573433361239,-0.5438125503121246,0.8433584337339387,0.22668367847692225
GENE_0075,-0.16534422990599396,0.5346755487668016,-0.6332861829723081,0.8433584337339387,0.27190967615486705
GENE_0076,0.14394890676229188,0.5825220136588617,0.5599881557932945,0.8433584337339387,0.23468765789005905
GENE_0077,-0.26511078319323644,0.2487441778629205,-1.1921310626092503,0.7006878249659733,0.6042470756137857
GENE_0078,-0.16634994626441113,0.5214153280134249,-0.6553681791347716,0.8376149847605219,0.2828162060526109
GENE_0079,-0.11673858142326132,0.6731808410039952,-0.4303086919323174,0.8658274482366498,0.1718682527150002
GENE_0080,0.01801046422323438,0.9295501048883315,0.08976597709283199,0.9709359649146614,0.0317271957898301
GENE_0081,0.06083831361477543,0.8111044054119225,0.24346922920478575,0.9458943503346035,0.09092323977664139
GENE_0082,-0.24061118352835464,0.4639094700565473,-0.7484057296069148,0.808423359276067,0.3335667618823547
GENE_0083,0.09107246664663826,0.6606645444514844,0.44717249900205003,0.8580059018850447,0.18001899962765625
GENE_0084,0.2375437815575916,0.3813276126911149,0.8974712920607902,0.7549662854406007,0.41870174546016753
GENE_0085,-0.4892212185950795,0.02055313742414766,-2.550826014085551,0.15511801829545405,1.6871218739342875
GENE_0086,0.1744492489927314,0.34430899778729546,0.9712384330943409,0.7420282376506582,0.46305162777946324
GENE_0087,1.3868621301130073,0.00019988851440872382,4.67519069669617,0.0024986064301090478,3.699212159719896
GENE_0088,0.3329553376441883,0.10715687085013077,1.7098092227939488,0.5102708135720513,0.9699799769634474
GENE_0089,0.2766975552802684,0.4010268374621322,0.8645174948744232,0.7675154783964253,0.3968265626124752
GENE_0090,0.11909904807044569,0.6568938545868934,0.4516994387696264,0.8580059018850447,0.182504801051233
GENE_0091,0.26556773585031657,0.14954484454736022,1.5106644296991067,0.5599128880250454,0.8252285543693827
GENE_0092,0.06469295320423818,0.7513894040645482,0.32192051811560474,0.9149996660091867,0.12413493355895791
GENE_0093,0.15414771671831673,0.5471143853135695,0.6136666120936276,0.8433584337339387,0.26192186613978446
GENE_0094,0.36784018907739213,0.11405917801253666,1.6764667689898147,0.5184508091478939,0.9428697625589604
GENE_0095,-0.07909292137328983,0.7925443869551299,-0.2673549866909272,0.9333283234161767,0.10097640548893559
GENE_0096,-0.5490529853803814,0.016200001093700796,-2.6525895133481248,0.12461539302846765,1.7904849561371095
GENE_0097,0.1020798613687166,0.6208864515516662,0.5043023600845516,0.8433584337339387,0.20698781685001807
GENE_0098,0.1747505162752061,0.26809445022627293,1.1583913523895157,0.7044302361904587,0.5717121761739732
GENE_0099,-0.0737048809362193,0.7691156706418978,-0.29799989706710506,0.921096611547183,0.11400833985557011
GENE_0100,0.20142375773909826,0.28346778125851746,1.1058677986881107,0.7131264937321193,0.5474962955604709
GENE_0101,0.06235893221275646,0.8449796792275078,0.19840895525627103,0.9602041809403498,0.07315373519880276
GENE_0102,0.02485296416151339,0.9072878503782964,0.11869051169635252,0.9700251987406955,0.042254904783463894
GENE_0103,-0.4919260136440897,0.012027511590487146,-2.8162921917966797,0.09704354704005637,1.9198242159109784
GENE_0104,-0.20680380144307975,0.4424032180455485,-0.7861714491116136,0.8043694873555427,0.35418172262935
GENE_0105,-0.14883831765645716,0.5979932957370102,-0.5368443660410814,0.8433584337339387,0.22330368497604255
GENE_0106,0.5396358271645445,0.10192994603013782,1.737013029839936,0.509649730150689,0.9916982057381559
GENE_0107,-0.24269757066806896,0.4229048293721315,-0.8205848600585754,0.7867996825528027,0.3737573553882327
GENE_0108,-0.48371573613770025,0.10695760015481945,-1.720986260744155,0.5102708135720513,0.970788350054335
GENE_0109,1.2390677127172989,0.00027919452072655364,4.745453375096929,0.0033841760088067106,3.554093109120412
GENE_0110,0.2312897675308463,0.4522544797538923,0.76835771217282,0.8068442445638672,0.3446171225936101
GENE_0111,-0.02434079312512516,0.9268377533246277,-0.09312954400190201,0.9709359649146614,0.0329962841973183
GENE_0112,0.005604140186611595,0.9837777274742644,0.020694881595555346,0.9940456312107517,0.007103014003277942
GENE_0113,-0.128519483849729,0.6781004737095301,-0.4225674543065728,0.8693595816788847,0.16870595223209955
GENE_0114,-0.18866000083272105,0.38633432396739176,-0.8908728159075926,0.7549662854406007,0.4130367051416914
GENE_0115,0.2128752272732637,0.35030604577655144,0.9596620439411526,0.745332012290535,0.4555523673219378
GENE_0116,-0.07946650011222012,0.7659645293832985,-0.30308508594654293,0.921096611547183,0.11579134139844209
GENE_0117,-0.18786766333777294,0.37888035698388245,-0.9052613701086617,0.7549662854406007,0.42149791009751836
GENE_0118,-0.0793818661947654,0.7338136960844966,-0.3457876344050013,0.903155318257842,0.13441418672232835
GENE_0119,0.15483789891343758,0.6127199156619655,0.5154184499922693,0.8433584337339387,0.2127380032627465
GENE_0120,-0.14657788053927057,0.5706642464977352,-0.5783584796307158,0.8433584337339387,0.24361933620371667
GENE_0121,-0.12820048940629825,0.6322798465473946,-0.4867928832296142,0.8433584337339387,0.19909066078166807
GENE_0122,0.4153229261028777,0.08404265201037653,1.8288382386820252,0.46050768224863853,1.075500251657563
GENE_0123,-0.016957328867274413,0.9386641578279618,-0.07804009681400614,0.9725211309218085,0.027489765019752914
GENE_0124,-0.16988782399491775,0.48608985145172534,-0.7183420606793322,0.8276521880332989,0.3132834459991546
GENE_0125,-0.12111016139718966,0.6406690406823428,-0.4747866005170892,0.8485682658044275,0.1933662620947355
GENE_0126,-0.01408202450819207,0.9567365952198785,-0.055075944498395334,0.986326386824617,0.019207613935259153
GENE_0127,-0.14915256108399877,0.5262962391058491,-0.6490487603617052,0.8420739825693586,0.2787697334245097
GENE_0128,-0.1415306819456461,0.5987002349648922,-0.5360830668609728,0.8433584337339387,0.22279057141179617
GENE_0129,0.15055230312547163,0.5457019211211375,0.6160192606516325,0.8433584337339387,0.2630445172983265
GENE_0130,-0.2578421472665875,0.2694445653428505,-1.1485772248922754,0.7044302361904587,0.5695305716352735
GENE_0131,-0.20787500014122173,0.3456947909977703,-0.9702259857382458,0.7420282376506582,0.46130716444940245
GENE_0132,0.31970845133415793,0.2913196449478584,1.091802608007999,0.7148948342278734,0.5356302280232726
GENE_0133,0.17909359835348226,0.38692022128830783,0.8871384676797496,0.7549662854406007,0.412378572515917
GENE_0134,-0.48097970064199824,0.13040879845780165,-1.5966168697162304,0.541982625908909,0.8846931065123244
GENE_0135,-0.3965536374642342,0.012130443380007046,-2.8333638595955413,0.09704354704005637,1.916123324939584
GENE_0136,0.3361140967290801,0.26266392904856545,1.1644062452182289,0.7044302361904587,0.5805995636462139
GENE_0137,0.1405958490757362,0.6395939958895364,0.47877075173433353,0.8485682658044275,0.19409562179303572
GENE_0138,-0.429123642460322,0.13041239475843475,-1.6020267386089293,0.541982625908909,0.8846811300812603
GENE_0139,1.3791448275857654,4.0169707043289525e-05,5.4035600426671095,0.0006986036007528613,4.396101335556025
GENE_0140,-0.19380161765237958,0.531529364211371,-0.6383327674448533,0.8433584337339387,0.2744727379841519
GENE_0141,1.138467134039832,0.0006456893848647098,4.125437546716965,0.006456893848647098,3.189976353337967
GENE_0142,-0.06958510179214628,0.7085448271328948,-0.3804112803476793,0.886637579250086,0.1496326682667659
GENE_0143,0.14530498449691898,0.5300817747871766,0.6402496682293807,0.8433584337339387,0.2756571273816236
GENE_0144,-0.22283196193644272,0.40416354201240307,-0.8578261375961148,0.769835318118863,0.3934428650338565
GENE_0145,-0.253876694130609,0.32191566947535294,-1.0228544658651575,0.7261972510408669,0.4922578832054886
GENE_0146,0.03170715259151713,0.8596130457583003,0.1806133396744566,0.9635565370311029,0.06569700214075061
GENE_0147,0.23556889021355865,0.3633424579402572,0.9327092164933142,0.7539851409987735,0.4396838502193753
GENE_0148,-0.03134582189637847,0.8987085916801478,-0.12925360335522626,0.9700251987406955,0.04638110642169656
GENE_0149,-0.19796041447429324,0.37239063357892155,-0.9156848015224535,0.7549662854406007,0.42900125098861625
GENE_0150,-0.022642060278424303,0.904709935029516,-0.12160458132146061,0.9700251987406955,0.043490640472729596
GENE_0151,-0.21401299242665317,0.47313703451122463,-0.7349635880308106,0.8192849082445448,0.32501305648669077
GENE_0152,-0.2032393649594848,0.3464770796419257,-0.9676649687836036,0.7420282376506582,0.46032548980910154
GENE_0153,1.2619510349118253,0.00029986359254109197,4.598602163963307,0.0035278069710716698,3.523076260210238
GENE_0154,-0.16351789810107054,0.45216519516626646,-0.774374201299392,0.8068442445638672,0.34470286996272675
GENE_0155,0.9898923721821529,0.0005056688164760678,4.401341726728934,0.005186346835651977,3.2961338275617216
GENE_0156,-0.27076228519116263,0.16689593355433163,-1.4405552398512824,0.5755032191528677,0.7775542448451955
GENE_0157,1.0024504647960493,0.0003801803697582329,4.363057508776759,0.004270063332360495,3.4200103112627165
GENE_0158,0.0055977010047501,0.9732087518919414,0.03405898541990124,0.9940456312107517,0.011793994191192493
GENE_0159,0.19955945179499857,0.313962122939307,1.0378589636796811,0.7261972510408669,0.5031227429799036
GENE_0160,0.3156176422887249,0.24352209961148616,1.2139152048076631,0.6908428357772657,0.6134616204706593
GENE_0161,0.12127390826888984,0.6313130639687596,0.48836649071130844,0.8433584337339387,0.19975522358118294
GENE_0162,-0.21977595187449595,0.43433054764281215,-0.7996754110373723,0.7969367846657103,0.36217962445734947
GENE_0163,0.4880844527538013,0.08299919611731255,1.881472490378655,0.46050768224863853,1.0809261139312267
GENE_0164,0.10106344518853128,0.632518825300454,0.4864655719903015,0.8433584337339387,0.19892654429848217
GENE_0165,-0.1507620161823624,0.509672915972311,-0.6740124896890157,0.8376149847605219,0.29270844421450115
GENE_0166,-0.02718533772961429,0.8972096337670883,-0.13112852400056618,0.9700251987406955,0.04710607183737116
GENE_0167,0.21172531604979117,0.3828577510542523,0.8945350864478394,0.7549662854406007,0.41696255607685934
GENE_0168,1.4192404836643089,2.6379909492149584e-05,5.638285302084135,0.0005275981898429917,4.57872669882481
GENE_0169,-0.05394273234345093,0.8649917583383315,-0.1728094966771542,0.9637791179257176,0.06298803048343565
GENE_0170,1.6042290399788897,2.0400147755673307e-06,6.870169187342055,0.00011647565089934613,5.690366687023062
GENE_0171,0.38957026545984164,0.13319117234597747,1.5747162658153229,0.541982625908909,0.8755245584125332
GENE_0172,-0.09672397502533236,0.7232246414172778,-0.36026156862908,0.8928699276756515,0.1407267851747878
GENE_0173,1.5669415337626225,6.001452761135554e-05,5.854188044310489,0.0009602324417816886,4.2217436079872
GENE_0174,0.23473587853026334,0.1326173583544455,1.5761595334192813,0.541982625908909,0.8773996271819169
GENE_0175,-0.14341761362881122,0.5184448909464233,-0.6655564652016547,0.8376149847605219,0.2852974009525815
GENE_0176,-0.15045442684233468,0.6117086201960532,-0.5200278109896086,0.8433584337339387,0.2134553993825301
GENE_0177,-0.41901467629822076,0.0457291693140997,-2.2038743519983233,0.31537358147654965,1.3398066876545107
GENE_0178,-0.40609971291349023,0.1273795603019224,-1.6073038716706671,0.541982625908909,0.8949002545772093
GENE_0179,0.32737610250714866,0.15393232370601884,1.491757075980275,0.5599128880250454,0.8126701746249239
GENE_0180,0.13787337118958476,0.5587574565632586,0.5957925916461496,0.8433584337339387,0.252776668204223
GENE_0181,-0.18628172134975074,0.5579172681986546,-0.5973960550021384,0.8433584337339387,0.25343019645425174
GENE_0182,0.032847833034653995,0.8869853865098033,0.1441486202894565,0.9667415656782598,0.052083535309688164
GENE_0183,0.5514268733149112,0.07296071425947724,1.9337216292635868,0.4169183671970128,1.136910923070111
GENE_0184,0.2455194703129262,0.386296810664544,0.8937327696278254,0.7549662854406007,0.41307887745317945
GENE_0185,-0.06111753624221716,0.7894272303042843,-0.2716317173718855,0.9333283234161767,0.10268789723752926
GENE_0186,0.00024331898436713573,0.9992697648076908,0.0009287176616734683,0.9992697648076908,0.0003172529632536629
GENE_0187,-0.3965110631652218,0.03793972432884717,-2.248934116379613,0.2709980309203369,1.4209058290323706
GENE_0188,1.6686205632455193,2.840592590647352e-07,8.048078189482013,0.00011362370362589409,6.546591050093164
GENE_0189,-0.41892204580103076,0.055394121893956726,-2.0533224099350367,0.34296072619636425,1.2565363176625381
GENE_0190,1.3208877608728233,5.530042211621612e-06,7.076815952221416,0.00015800120604633178,5.2572715536493035
GENE_0191,-0.3181574128651974,0.12619456218366126,-1.6203226240961017,0.541982625908909,0.8989593587567863
GENE_0192,1.254890722949181,0.00038430569991244456,4.372224702432238,0.004270063332360495,3.4153231741560925
GENE_0193,0.14620614720305447,0.5601030500158563,0.5947812404109483,0.8433584337339387,0.25173206239383816
GENE_0194,-0.005913570876835195,0.975680858180132,-0.030917594835893097,0.9940456312107517,0.010692215321916646
GENE_0195,-0.25849528646146336,0.41981817327930765,-0.8275765884323337,0.7867996825528027,0.37693876541038185
GENE_0196,0.13314236498633747,0.5438751943541454,0.6190163120421938,0.8433584337339387,0.2645007485037905
GENE_0197,-0.3773615720795114,0.1980147367605167,-1.3367669285737438,0.6387572153565055,0.703302487235378
GENE_0198,0.05845187724762013,0.7638626795962173,0.30500960630791457,0.921096611547183,0.11698470798693059
GENE_0199,0.01849042314151461,0.9359422924452341,0.08158117513877104,0.9724075765664769,0.02875092780592399
GENE_0200,0.1556415977396144,0.5197216578318813,0.6571187532068848,0.8376149847605219,0.2842291848879495
GENE_0201,-0.14970947741922647,0.5667918675801035,-0.5836082370276314,0.8433584337339387,0.2465763897061992
GENE_0202,0.11547922790317777,0.5656226380166285,0.5852930923979418,0.8433584337339387,0.24747321701710626
GENE_0203,-0.11146956418570753,0.7093100634000689,-0.3789391728339637,0.886637579250086,0.14916387851589083
GENE_0204,-0.35473381750662014,0.21121268571161742,-1.2974281804448848,0.6457285186960146,0.675280001057249
GENE_0205,0.24985529616801117,0.2880449903871867,1.0992314833930137,0.7148948342278734,0.5405396735224064
GENE_0206,0.4926342193760167,0.0959117673407291,1.7585801921512578,0.49410867086158644,1.0181281063055472
GENE_0207,0.29299589839991036,0.2220137005022858,1.267646260072651,0.6612647612073326,0.6536202243378799
GENE_0208,-0.613911596887089,0.006441948013480014,-3.0814386247582637,0.053682900112333454,2.190982784258622
GENE_0209,1.2503225382254683,0.00015079089633516498,4.929933755006292,0.0020105452844688667,3.8216248772377805
GENE_0210,0.1333250948931486,0.5977861576061165,0.5371682822041783,0.8433584337339387,0.22345414574518718
GENE_0211,-0.14906516540672587,0.45932284206042595,-0.767075394869482,0.808423359276067,0.3378819566414504
GENE_0212,0.19090632303663924,0.4619385602347502,0.7540366952547333,0.808423359276067,0.3354157835897856
GENE_0213,0.2874610804032294,0.22300063249215749,1.2649265817761979,0.6612647612073326,0.6516939051694882
GENE_0214,0.34662829766834946,0.23285292975269553,1.2396740703360767,0.6779559697923613,0.632918293409049
GENE_0215,1.5269202341377959,3.58473868389442e-05,5.445608813428189,0.0006517706697989855,4.445542497535665
GENE_0216,0.28102344070448915,0.19485986878594805,1.3495951949683285,0.6387572153565055,0.7102775942297918
GENE_0217,0.05640599356898868,0.8623831006428371,0.17705344320422747,0.9635565370311029,0.06429976255793247
GENE_0218,-0.31083841196725803,0.29404847076803015,-1.080835675827355,0.7169279694470732,0.5315810748531118
GENE_0219,-0.15681444388398802,0.3159440601263135,-1.0316310495930106,0.7261972510408669,0.5003898051318157
GENE_0220,-0.16840530132218667,0.5822052803589733,-0.5619602589601386,0.8433584337339387,0.23492386000960028
GENE_0221,0.276845820788572,0.18249576831377923,1.3868627157149882,0.6134311539958965,0.7387472014501474
GENE_0222,-0.14815932950285138,0.545896295837819,-0.6161360813152732,0.8433584337339387,0.26288985257561626
GENE_0223,0.2528073059665603,0.2569600413980645,1.191000445022143,0.7044302361904587,0.5901344064335211
GENE_0224,0.3004689558853677,0.3123020766350522,1.0397135668732667,0.7261972510408669,0.5054251279435266
GENE_0225,0.10142753172547181,0.7205427805764116,0.36344288408860315,0.8923130409615004,0.1423402288448516
GENE_0226,0.22501959270433147,0.42989984441942714,0.8094581768265376,0.7924421095288979,0.366632712053955
GENE_0227,-0.0076531110708684125,0.9778218501592109,-0.0281890237922415,0.9940456312107517,0.009740262329342868
GENE_0228,0.27163967396221533,0.23610661747854947,1.2268883939307171,0.6779559697923613,0.6268918405614967
GENE_0229,0.13001619328281677,0.6120468081812859,0.5161312523714531,0.8433584337339387,0.21321536256444432
GENE_0230,0.09884833941362814,0.6452681699174057,0.46898540809802214,0.8518391682077963,0.190259757440795
GENE_0231,-0.0714493825979039,0.7724194090013986,-0.2938078944258617,0.922291831643461,0.11214682200255621
GENE_0232,0.35824918096475145,0.1531481941946612,1.4925090411751614,0.5599128880250454,0.8148881196926527
GENE_0233,0.15545406160493336,0.571227286315774,0.5767866917346873,0.8433584337339387,0.2431910554102156
GENE_0234,1.290432043860032,2.851886315936976e-05,5.997531583948563,0.0005432164411308526,4.544867790652324
GENE_0235,0.029839555463425427,0.8994162823898156,0.12831451118719292,0.9700251987406955,0.04603925453987878
GENE_0236,0.10314519189757387,0.659946518652018,0.4480304517654602,0.8580059018850447,0.18049125778452418
GENE_0237,0.12792693881532902,0.6593808964478232,0.4483210906190754,0.8580059018850447,0.1808636393698113
GENE_0238,0.017835816716286423,0.9409141941668497,0.07548689375086902,0.9725211309218085,0.026449979866021392
GENE_0239,-0.02314434042596858,0.9211337838716694,-0.10068227081823913,0.9709359649146614,0.035677289045559495
GENE_0240,0.16322356049866293,0.5735327114928185,0.5733038669255699,0.8433584337339387,0.24144180702917228
GENE_0241,-0.1710189402892448,0.34689820110168273,-0.966066501314334,0.7420282376506582,0.4597979522583678
GENE_0242,-0.12762391770785442,0.6075091554264064,-0.524292572463371,0.8433584337339387,0.21644717267416633
GENE_0243,-0.3025516791876939,0.26143821448724625,-1.1604966226629638,0.7044302361904587,0.5826309311857151
GENE_0244,-0.4579966789442649,0.14331129215903854,-1.5309019753018036,0.5599128880250454,0.8437195881850358
GENE_0245,0.8858134944485787,0.00014158834209603,4.918315367522491,0.0020010422987612807,3.848972503509192
GENE_0246,0.0035618493655986683,0.9864417863634065,0.01724483927472603,0.9940456312107517,0.005928539004915413
GENE_0247,0.40276384266261367,0.15158193668827002,1.4986138322991416,0.5599128880250454,0.8193525484665283
GENE_0248,-0.20594463206503555,0.4648434315837385,-0.7468302814290221,0.808423359276067,0.3326933014095458
GENE_0249,1.6449243700109673,3.975709890439796e-06,6.645496739695891,0.00013252366301465986,5.400585313806394
GENE_0250,0.060469652333466684,0.7933290749037502,0.26604001363759733,0.9333283234161767,0.10054662886159565
GENE_0251,0.47432934255901316,0.06768838538079892,1.9533955315643705,0.3923964369901387,1.1694858453143635
GENE_0252,0.033200529728826034,0.8786659715430525,0.15485808602742498,0.9667415656782598,0.056176192373338096
GENE_0253,1.4917967029280659,2.2398741072639657e-06,6.878252666583822,0.00011647565089934613,5.6497763906198735
GENE_0254,-0.17108284537362461,0.5092721508990931,-0.6735731155718906,0.8376149847605219,0.29305007218733675
GENE_0255,0.2722672160136401,0.26650684210881487,1.1468191854309444,0.7044302361904587,0.5742916367238683
GENE_0256,-0.27795222039558354,0.23728458942732644,-1.2248024894923781,0.6779559697923613,0.6247304663507256
GENE_0257,0.09804911575978004,0.7140871372139905,0.3723995807513501,0.8890449434495553,0.14624878976138542
GENE_0258,-0.11133747078050948,0.5785315487365378,-0.565887839088888,0.8433584337339387,0.23767295292900598
GENE_0259,-0.16358072611855334,0.5619853964053297,-0.5917012406747654,0.8433584337339387,0.25027496973874075
GENE_0260,0.30995104739183166,0.11297255013294902,1.6680761708221719,0.5184508091478939,0.9470270677907668
GENE_0261,-0.24407977672512082,0.23337870807414154,-1.240997965805122,0.6779559697923613,0.6319387686321761
GENE_0262,-0.03974367877500029,0.8786162163256591,-0.155285815946933,0.9667415656782598,0.05620078536872015
GENE_0263,0.010360863226916095,0.9611010988939711,0.04945556748814335,0.9871430126393986,0.01723092618950932
GENE_0264,0.12507944777837565,0.490628553372774,0.7057130644646584,0.8299374716758114,0.3092471805255012
GENE_0265,1.2364986803668163,0.0042528864506715105,3.545309549143978,0.03698162131018705,2.371316212514076
GENE_0266,-0.13617924990187902,0.706870648788734,-0.3822449357333346,0.886637579250086,0.15066005106431007
GENE_0267,0.1718585761360103,0.3424310141998871,0.9815133644028043,0.7420282376506582,0.4654269078795463
GENE_0268,0.0008333957937072256,0.9975721392384821,0.0030884128692588086,0.9992697648076908,0.0010556885831946071
GENE_0269,-0.2734223348687248,0.36174528923735266,-0.9358878448254706,0.7539851409987735,0.4415971156934975
GENE_0270,1.006675632760011,0.002968154274145059,3.4341096470578574,0.026983220674045988,2.52751352971759
GENE_0271,-0.1911205882329261,0.483847769291801,-0.7149019833790827,0.8276521880332989,0.31529125685942644
GENE_0272,0.3816354024295663,0.25327979170617376,1.1896783347657183,0.7044302361904587,0.5963994596393968
GENE_0273,0.19963069318751536,0.4606798682011226,0.7539619573129076,0.808423359276067,0.33660076608506434
GENE_0274,0.26469530487694826,0.20149773848570687,1.326203037122894,0.644792763154262,0.6957298238091739
GENE_0275,-0.24048825149338882,0.36044682845567033,-0.9420074099350801,0.7539851409987735,0.4431587914478433
GENE_0276,1.2757815017477743,9.662622712213066e-06,6.260438342331267,0.0002454726450860364,5.0149049776378005
GENE_0277,0.15475210363406333,0.5846184156925154,0.556655273496025,0.8433584337339387,0.2331275083291277
GENE_0278,1.2449872007166523,4.733844440687931e-06,6.429959371938608,0.0001456567520211671,5.3247860175646995
GENE_0279,-0.0037917048973241663,0.9865759305667238,-0.01706474686580207,0.9940456312107517,0.0058694842008253575
GENE_0280,0.9871634422542526,0.0013608416141219154,3.9729156465644584,0.012658991759273631,2.8661924185994967
GENE_0281,0.12059654320857405,0.7417621135092023,0.3351523692756628,0.9101375625879783,0.1297353526117323
GENE_0282,-0.33087066112796215,0.1695019707100016,-1.4430063667575532,0.5794939169572704,0.7708252481186941
GENE_0283,0.16023392178610507,0.5732916144497796,0.5750785155761622,0.8433584337339387,0.24162441061468914
GENE_0284,0.022293592300961507,0.9223683190356605,0.09884873031364498,0.9709359649146614,0.03509562234852875
GENE_0285,0.10672407928436378,0.6995368836142168,0.3921763818575022,0.8826963831094219,0.15518938206160351
GENE_0286,0.056171069870731394,0.8138629693924649,0.2389697027338487,0.9463522899912383,0.08944871138405253
GENE_0287,-0.04097769351614122,0.9054464291767781,-0.12054714719582209,0.9700251987406955,0.04313723966373378
GENE_0288,0.1785907729866052,0.44097070236994473,0.7902418918193971,0.8043694873555427,0.3555902636426703
GENE_0289,-0.027868787109174065,0.9093986238194021,-0.11562449335300969,0.9700251987406955,0.04124570734235992
GENE_0290,-0.3917956129064182,0.17233283156100215,-1.4250819364690965,0.5841790900372955,0.7636319761360014
GENE_0291,1.3142288118204721,0.0012690044188661594,3.8649897161893905,0.0120857563701539,2.896536865623303
GENE_0292,0.3645935859703089,0.15966751325535672,1.4750224692288607,0.5602368886152868,0.796783438583877
GENE_0293,0.08879101490556707,0.6846691825946912,0.41312232530449056,0.8749765911753243,0.16451921956991664
GENE_0294,-0.15601414094165023,0.42053346178676015,-0.8250345080860029,0.7867996825528027,0.37619944174201686
GENE_0295,-0.25159781522197733,0.2772504707779204,-1.1229262862621945,0.7063706261857845,0.5571277077357746
GENE_0296,1.56030163476788,0.00019459989458169927,5.277913622243018,0.0024986064301090478,3.7108573993328196
GENE_0297,-0.06177973799341352,0.8370126826001527,-0.20872160017137567,0.9593268568483125,0.07726796143143151
GENE_0298,0.049907819397556175,0.8677153905990181,0.16902561021849258,0.9641282117766868,0.06162269943312031
GENE_0299,-0.5388278723071043,0.04947976091358952,-2.1088996588419215,0.3336203784476643,1.3055724075505895
GENE_0300,1.5635546646302192,1.58471364670133e-06,7.008567774633998,0.00011647565089934613,5.800049202148256
GENE_0301,-0.25773766646627827,0.3201272582682371,-1.0251889507313867,0.7261972510408669,0.49467734487657977
GENE_0302,-0.07769891015240127,0.767563471856645,-0.3000958211328699,0.921096611547183,0.11488570140473749
GENE_0303,0.2726008404560858,0.3548118051696912,0.9502010787513074,0.7509244553855898,0.4500019389114404
GENE_0304,0.18415542173161725,0.32539885916858663,1.0112074595108234,0.7261972510408669,0.48758397401027287
GENE_0305,0.21861024269022078,0.3073158199158181,1.0573587066237118,0.7261972510408669,0.5124150826811354
GENE_0306,0.24253413467654283,0.25481278974739613,1.1770659960728937,0.7044302361904587,0.593778777367619
GENE_0307,0.18940528510696808,0.5055481116535482,0.6794788689608019,0.8376149847605219,0.2962375074688713
GENE_0308,0.2914988767882223,0.272087472868091,1.1330859925903587,0.7063706261857845,0.5652914530364935
GENE_0309,1.276901679848935,0.00041215100182988637,4.321788105713676,0.004455686506269042,3.3849436401641757
GENE_0310,0.21128661152840245,0.36757480386181673,0.9300264087957107,0.7539995976652651,0.4346542658354606
GENE_0311,0.4383486941533894,0.060669477931666035,2.0073601733996815,0.3676938056464608,1.217029742197408
GENE_0312,-0.12196553691008649,0.6214665136832117,-0.5030953077264516,0.8433584337339387,0.20658226736730767
GENE_0313,-0.2433652918975575,0.14634558673559672,-1.5366553311431908,0.5599128880250454,0.8346203698156147
GENE_0314,1.244399561630651,1.036393325495988e-05,6.322590673224687,0.0002454726450860364,4.984475392588563
GENE_0315,1.2879173461542024,0.0011660864848647165,3.958894229110288,0.011376453510875283,2.933269238164799
GENE_0316,-0.025783591574729314,0.92084196638412,-0.10118861637774877,0.9709359649146614,0.03581489642243001
GENE_0317,-0.4089962445177884,0.12936330633223755,-1.5923978574373796,0.541982625908909,0.8881888930437088
GENE_0318,0.15907432240330266,0.6121553250238081,0.5161180733612348,0.8433584337339387,0.21313836830876365
GENE_0319,0.04295986245690209,0.832253830269756,0.21525262403346856,0.9571190065024742,0.07974419741948804
GENE_0320,-0.1477361920124558,0.6130004206699238,-0.5147387490619626,0.8433584337339387,0.2125392274480386
GENE_0321,0.50426046987966,0.039080896655956716,2.237701474069179,0.274251906357591,1.4080354805656783
GENE_0322,0.15196343698371528,0.48085258054884594,0.7220730702847802,0.8276521880332989,0.31798804892199306
GENE_0323,0.34402555210293695,0.1581753908670753,1.474826110165118,0.5599128880250454,0.8008610836827588
GENE_0324,0.13956246338312095,0.6707909077754556,0.43327110918494316,0.8655366551941363,0.17341283266361
GENE_0325,1.2045635150930822,3.614834229466999e-06,6.619822191258596,0.0001314485174351636,5.4419116139651535
GENE_0326,0.4264770819897734,0.09013300480203737,1.8042426030330656,0.48465152939825873,1.04511615043367
GENE_0327,-0.21943222976320342,0.39310297822268786,-0.877786521382618,0.763266041197022,0.4054936658701179
GENE_0328,0.6963970838794111,0.003761064569571427,3.328609882295556,0.03343168506285713,2.424689210590402
GENE_0329,0.4062951218537041,0.15637770546287094,1.4798743261928828,0.5599128880250454,0.8058251635819331
GENE_0330,-0.2092124780121205,0.45011936556892307,-0.7780871043599362,0.8068442445638672,0.3466723019275523
GENE_0331,-0.10596725628792392,0.5802507674175672,-0.5631952943532833,0.8433584337339387,0.2363842764903224
GENE_0332,-0.16831787871078596,0.42223289533192426,-0.8213346994967825,0.7867996825528027,0.3744479346839441
GENE_0333,0.44301393366803943,0.15811885779740056,1.4727868578505154,0.5599128880250454,0.8010163315291543
GENE_0334,-0.14885213638073402,0.5724577381807497,-0.5752157776612474,0.8433584337339387,0.2422565696909141
GENE_0335,-0.3342241572512572,0.11779701271318536,-1.6484065438681963,0.5294247762390354,0.9288657229498477
GENE_0336,1.0166148595703177,0.00014507556666019285,4.881107959876936,0.0020010422987612807,3.8384057244207526
GENE_0337,0.32164491561905884,0.27485505022377843,1.1426378813345923,0.7063706261857845,0.56089627883953
GENE_0338,0.020790832302909124,0.9170960867607704,0.10556579595275165,0.9709359649146614,0.03758515968022154
GENE_0339,0.07463888130964591,0.6965394641043199,0.3964493332536139,0.8826963831094219,0.1570542725534369
GENE_0340,0.21728179588154006,0.2681349459626843,1.1427008797602607,0.7044302361904587,0.5716465808335369
GENE_0341,-0.1182649859485494,0.5400509515930366,-0.6246374798291479,0.8433584337339387,0.2675652643403198
GENE_0342,0.060679947962171354,0.8316482843735591,0.2160032663885012,0.9571190065024742,0.08006030405887925
GENE_0343,0.1232946082120181,0.5630589396078032,0.5892019860675536,0.8433584337339387,0.24944614190413344
GENE_0344,-0.1341491624925002,0.6269133873248222,-0.49462661475411535,0.8433584337339387,0.20279245598777626
GENE_0345,-0.2698095556247324,0.14753485607515926,-1.5183158225820494,0.5599128880250454,0.8311053626501617
GENE_0346,1.5574905344484726,5.62143133268065e-05,5.630852077910346,0.0009369052221134417,4.250153089993285
GENE_0347,-0.028801182682078874,0.9230583446088995,-0.09815073190623372,0.9709359649146614,0.034770847250499386
GENE_0348,0.48832053362090466,0.015581880688501509,2.6923928069926673,0.1222108289294236,1.8073801253961028
GENE_0349,0.27188406247973074,0.13491924328981778,1.569437682324366,0.541982625908909,0.8699261032668425
GENE_0350,-0.047512362529182894,0.8840176661846544,-0.14833467310479784,0.9667415656782598,0.05353905597126018
GENE_0351,1.5856062248251206,1.5480159915839408e-06,7.581144689819718,0.00011647565089934613,5.810224557205587
GENE_0352,-0.12878688338580968,0.6189542092119643,-0.5068761591362079,0.8433584337339387,0.20834147928709562
GENE_0353,0.14194525656950674,0.3949901763194589,0.8727387250253802,0.763266041197022,0.40341370544519634
GENE_0354,-0.055689562622312394,0.8482491032128171,-0.19441407128063104,0.9611887855102744,0.07147659082806229
GENE_0355,0.48637058283665713,0.035019022107176924,2.2956673967123393,0.2546837971431049,1.4556959855908538
GENE_0356,0.0009280451937980772,0.9977047738321593,0.0029173726877740505,0.9992697648076908,0.0009979497582215076
GENE_0357,0.20079402761113396,0.2648128648116563,1.155966061186495,0.7044302361904587,0.5770609203615007
GENE_0358,1.7101852063956233,2.243898055765931e-06,7.6204037405564,0.00011647565089934613,5.648996877729611
GENE_0359,-0.13328367994639834,0.6139549074061526,-0.5145658201747133,0.8433584337339387,0.2118635249237014
GENE_0360,0.045512911946609336,0.8423948549771845,0.20172506838519716,0.9599941367261362,0.07448429431763356
GENE_0361,1.5499395015086534,2.3295130179869225e-06,6.79820516226268,0.00011647565089934613,5.632734858246844
GENE_0362,0.2904761032649077,0.303045570505261,1.0694716277253387,0.7261972510408669,0.5184920595146598
GENE_0363,-0.4579637504811416,0.05573111800690919,-2.0618550895557073,0.34296072619636425,1.253902244592083
GENE_0364,-0.23159561778489213,0.34135417520383443,-0.9793984978781386,0.7420282376506582,0.4667947807956149
GENE_0365,-0.08865739659231053,0.754874724457579,-0.31716126623117913,0.9149996660091867,0.1221251159086471
GENE_0366,-0.25784603028339337,0.32652530224116166,-1.011105811602144,0.7261972510408669,0.4860831598775611
GENE_0367,0.23525393811778628,0.3075564257986136,1.050128253327788,0.7261972510408669,0.5120751947994711
GENE_0368,-0.173380726877153,0.5018054561932593,-0.6854851412509928,0.8376149847605219,0.29946462085771314
GENE_0369,-0.20611746171219103,0.37545772701627567,-0.9089425521858259,0.7549662854406007,0.4254389533523474
GENE_0370,0.23716743140266772,0.42188372032098964,0.8228341027293018,0.7867996825528027,0.3748072328811477
GENE_0371,0.36123888720889674,0.21337266760330653,1.2903488369374958,0.646583841222141,0.6708612131650828
GENE_0372,0.2570086370244127,0.13489130974786362,1.5674830537475426,0.541982625908909,0.8700160284609275
GENE_0373,-0.17011960321785136,0.48624566046956313,-0.7109242292040608,0.8276521880332989,0.31314426153776803
GENE_0374,-0.5050010335935848,0.05075421052625662,-2.0955813004815154,0.3336203784476643,1.2945279232183522
GENE_0375,0.23618777902455967,0.4293758558496505,0.8094321335306423,0.7924421095288979,0.36716237994185297
GENE_0376,-0.1198978452278805,0.5783398896455432,-0.5667193601988529,0.8433584337339387,0.23781685221396623
GENE_0377,0.13205113897018972,0.6293759958074947,0.4918599067549314,0.8433584337339387,0.2010898249549656
GENE_0378,0.25113590319767987,0.3267887629683901,1.0292286695231547,0.7261972510408669,0.4857328856302148
GENE_0379,0.4517295885008341,0.09635119081800936,1.7629024724937983,0.49410867086158644,1.016142913468367
GENE_0380,-0.3028395433046933,0.2052895503818033,-1.336515196274583,0.6457285186960146,0.6876331564600002
GENE_0381,0.22715284020005644,0.39833795856611987,0.8667877743549521,0.7660345357040766,0.399748306670448
GENE_0382,-0.07064436561883802,0.8105025211959525,-0.24332878274781777,0.9458943503346035,0.0912456298718673
GENE_0383,-0.17434969187584315,0.5935052517887965,-0.5439992555754135,0.8433584337339387,0.22657543372235847
GENE_0384,0.32696662792311315,0.22317685690747477,1.2626241734355452,0.6612647612073326,0.6513508430610364
GENE_0385,0.3268699353899365,0.11276869339616136,1.667250371169535,0.5184508091478939,0.9478114515264839
GENE_0386,0.16924793833236507,0.519181672000968,0.6597600774159761,0.8376149847605219,0.28468064727343956
GENE_0387,0.056702642553312366,0.8092351945725659,0.2451502760111103,0.9458943503346035,0.09192523752224566
GENE_0388,0.14999515238963212,0.4917379519679183,0.701913097277221,0.8299374716758114,0.3082662718925089
GENE_0389,0.3859241655004393,0.07944101898682518,1.8595897749481034,0.447555036545494,1.0999551937987142
GENE_0390,0.03432164146261485,0.860380308142179,0.17843232497609648,0.9635565370311029,0.06530953803708149
GENE_0391,0.37980424317915684,0.0911083827063216,1.8078914554976773,0.48465152939825873,1.0404416625921702
GENE_0392,-0.03138919108055749,0.8613261906199007,-0.17743071695367613,0.9635565370311029,0.0648323468523726
GENE_0393,0.08367730645049676,0.6678256409223283,0.43644689783958823,0.8644992115499396,0.17533691038302635
GENE_0394,0.29501138765947843,0.29573278739691766,1.0780167849188274,0.7169279694470732,0.5291005233055368
GENE_0395,-0.06336783426443926,0.8544637982651064,-0.18628374856709343,0.9635565370311029,0.06830633264687519
GENE_0396,0.23366768455045506,0.28165643391219364,1.1201003242835754,0.7130542630688447,0.5502803236736216
GENE_0397,-0.38023016311446156,0.055466403216687374,-2.0519488551734733,0.34296072619636425,1.255969995537986
GENE_0398,-0.06749261241478166,0.715681179476892,-0.37014059271344574,0.8890449434495553,0.1452804034327031
GENE_0399,-0.05665114976809171,0.7828472239535255,-0.2799576600373768,0.9319609808970541,0.10632298413331516
