i,j,distance_angstrom
0,1,0.617
0,2,1.404
0,3,2.181
0,4,2.831
0,5,3.434
0,6,3.951
0,7,4.679
0,8,5.115
0,9,5.627
0,10,5.938
0,11,6.594
0,12,6.853
0,13,7.178
0,14,7.516
0,15,7.666
0,16,7.756
0,17,7.832
0,18,7.95
0,19,7.764
0,20,7.906
0,21,7.546
0,22,7.422
0,23,7.151
0,24,6.797
0,25,6.341
0,26,5.903
0,27,5.483
0,28,4.918
0,29,4.299
0,30,3.709
0,31,3.212
0,32,2.566
0,33,1.893
0,34,1.133
0,35,0.81
0,36,0.895
0,37,1.305
0,38,1.984
0,39,2.775
0,40,3.338
0,41,3.946
0,42,4.367
0,43,5.074
0,44,5.535
0,45,6.162
0,46,6.544
0,47,6.869
0,48,7.255
0,49,7.536
0,50,7.675
0,51,7.911
0,52,7.941
0,53,8.059
0,54,7.786
0,55,7.911
0,56,7.698
0,57,7.443
0,58,7.315
0,59,6.881
0,60,6.409
0,61,6.023
0,62,5.659
0,63,4.93
0,64,4.487
0,65,4.006
0,66,3.465
0,67,2.845
0,68,2.303
0,69,1.822
0,70,1.439
0,71,1.353
1,2,0.829
1,3,1.626
1,4,2.28
1,5,2.906
1,6,3.442
1,7,4.204
1,8,4.681
1,9,5.223
1,10,5.57
1,11,6.279
1,12,6.586
1,13,6.952
1,14,7.346
1,15,7.543
1,16,7.692
1,17,7.831
1,18,7.999
1,19,7.872
1,20,8.061
1,21,7.752
1,22,7.685
1,23,7.465
1,24,7.149
1,25,6.748
1,26,6.351
1,27,5.964
1,28,5.429
1,29,4.847
1,30,4.287
1,31,3.809
1,32,3.174
1,33,2.503
1,34,1.725
1,35,1.285
1,36,1.002
1,37,0.942
1,38,1.526
1,39,2.265
1,40,2.839
1,41,3.447
1,42,3.891
1,43,4.632
1,44,5.121
1,45,5.797
1,46,6.196
1,47,6.602
1,48,7.025
1,49,7.348
1,50,7.548
1,51,7.837
1,52,7.911
1,53,8.095
1,54,7.879
1,55,8.044
1,56,7.889
1,57,7.688
1,58,7.605
1,59,7.222
1,60,6.796
1,61,6.452
1,62,6.126
1,63,5.429
1,64,5.008
1,65,4.553
1,66,4.037
1,67,3.43
1,68,2.877
1,69,2.375
1,70,1.91
1,71,1.592
2,3,0.804
2,4,1.464
2,5,2.117
2,6,2.664
2,7,3.457
2,8,3.973
2,9,4.546
2,10,4.937
2,11,5.7
2,12,6.072
2,13,6.481
2,14,6.946
2,15,7.202
2,16,7.427
2,17,7.651
2,18,7.884
2,19,7.835
2,20,8.087
2,21,7.851
2,22,7.862
2,23,7.723
2,24,7.46
2,25,7.141
2,26,6.807
2,27,6.473
2,28,5.986
2,29,5.461
2,30,4.954
2,31,4.515
2,32,3.887
2,33,3.222
2,34,2.456
2,35,1.954
2,36,1.454
2,37,0.809
2,38,0.911
2,39,1.479
2,40,2.035
2,41,2.639
2,42,3.105
2,43,3.886
2,44,4.404
2,45,5.129
2,46,5.55
2,47,6.054
2,48,6.523
2,49,6.895
2,50,7.179
2,51,7.527
2,52,7.665
2,53,7.936
2,54,7.795
2,55,8.015
2,56,7.943
2,57,7.821
2,58,7.792
2,59,7.487
2,60,7.132
2,61,6.843
2,62,6.585
2,63,5.931
2,64,5.547
2,65,5.128
2,66,4.648
2,67,4.065
2,68,3.498
2,69,2.977
2,70,2.456
2,71,1.919
3,4,0.662
3,5,1.336
3,6,1.887
3,7,2.703
3,8,3.254
3,9,3.853
3,10,4.283
3,11,5.093
3,12,5.526
3,13,5.974
3,14,6.504
3,15,6.816
3,16,7.113
3,17,7.418
3,18,7.714
3,19,7.742
3,20,8.053
3,21,7.89
3,22,7.978
3,23,7.918
3,24,7.71
3,25,7.473
3,26,7.204
3,27,6.925
3,28,6.49
3,29,6.027
3,30,5.576
3,31,5.18
3,32,4.573
3,33,3.934
3,34,3.2
3,35,2.695
3,36,2.151
3,37,1.373
3,38,0.915
3,39,0.876
3,40,1.292
3,41,1.863
3,42,2.33
3,43,3.135
3,44,3.677
3,45,4.445
3,46,4.882
3,47,5.478
3,48,5.988
3,49,6.406
3,50,6.769
3,51,7.172
3,52,7.371
3,53,7.726
3,54,7.66
3,55,7.932
3,56,7.942
3,57,7.897
3,58,7.923
3,59,7.698
3,60,7.415
3,61,7.185
3,62,6.994
3,63,6.392
3,64,6.049
3,65,5.673
3,66,5.238
3,67,4.694
3,68,4.128
3,69,3.62
3,70,3.1
3,71,2.473
4,5,0.707
4,6,1.259
4,7,2.098
4,8,2.686
4,9,3.307
4,10,3.774
4,11,4.625
4,12,5.11
4,13,5.594
4,14,6.178
4,15,6.54
4,16,6.898
4,17,7.271
4,18,7.618
4,19,7.712
4,20,8.071
4,21,7.969
4,22,8.119
4,23,8.122
4,24,7.959
4,25,7.789
4,26,7.571
4,27,7.335
4,28,6.942
4,29,6.527
4,30,6.12
4,31,5.754
4,32,5.168
4,33,4.552
4,34,3.84
4,35,3.341
4,36,2.79
4,37,1.991
4,38,1.39
4,39,0.824
4,40,0.84
4,41,1.289
4,42,1.731
4,43,2.549
4,44,3.11
4,45,3.918
4,46,4.367
4,47,5.047
4,48,5.59
4,49,6.047
4,50,6.477
4,51,6.93
4,52,7.178
4,53,7.603
4,54,7.603
4,55,7.915
4,56,7.993
4,57,8.011
4,58,8.085
4,59,7.923
4,60,7.699
4,61,7.518
4,62,7.377
4,63,6.821
4,64,6.509
4,65,6.169
4,66,5.771
4,67,5.26
4,68,4.7
4,69,4.209
4,70,3.701
4,71,3.046
5,6,0.565
5,7,1.403
5,8,2.006
5,9,2.636
5,10,3.121
5,11,3.999
5,12,4.518
5,13,5.029
5,14,5.655
5,15,6.056
5,16,6.469
5,17,6.902
5,18,7.295
5,19,7.456
5,20,7.858
5,21,7.822
5,22,8.037
5,23,8.106
5,24,7.997
5,25,7.903
5,26,7.749
5,27,7.566
5,28,7.227
5,29,6.881
5,30,6.534
5,31,6.214
5,32,5.669
5,33,5.102
5,34,4.437
5,35,3.969
5,36,3.449
5,37,2.674
5,38,2.059
5,39,1.365
5,40,0.943
5,41,0.99
5,42,1.195
5,43,1.918
5,44,2.466
5,45,3.29
5,46,3.736
5,47,4.466
5,48,5.026
5,49,5.512
5,50,5.992
5,51,6.491
5,52,6.778
5,53,7.264
5,54,7.331
5,55,7.68
5,56,7.825
5,57,7.909
5,58,8.036
5,59,7.944
5,60,7.787
5,61,7.668
5,62,7.584
5,63,7.091
5,64,6.822
5,65,6.533
5,66,6.193
5,67,5.739
5,68,5.193
5,69,4.744
5,70,4.281
5,71,3.633
6,7,0.85
6,8,1.475
6,9,2.115
6,10,2.627
6,11,3.526
6,12,4.086
6,13,4.618
6,14,5.283
6,15,5.721
6,16,6.181
6,17,6.668
6,18,7.1
6,19,7.315
6,20,7.754
6,21,7.771
6,22,8.037
6,23,8.161
6,24,8.092
6,25,8.058
6,26,7.951
6,27,7.808
6,28,7.511
6,29,7.212
6,30,6.908
6,31,6.621
6,32,6.1
6,33,5.561
6,34,4.927
6,35,4.474
6,36,3.965
6,37,3.2
6,38,2.561
6,39,1.808
6,40,1.216
6,41,0.926
6,42,0.796
6,43,1.385
6,44,1.93
6,45,2.773
6,46,3.222
6,47,4.011
6,48,4.593
6,49,5.107
6,50,5.638
6,51,6.172
6,52,6.5
6,53,7.039
6,54,7.162
6,55,7.543
6,56,7.744
6,57,7.883
6,58,8.048
6,59,8.014
6,60,7.91
6,61,7.835
6,62,7.798
6,63,7.349
6,64,7.112
6,65,6.858
6,66,6.556
6,67,6.138
6,68,5.604
6,69,5.178
6,70,4.738
6,71,4.086
7,8,0.657
7,9,1.297
7,10,1.839
7,11,2.759
7,12,3.368
7,13,3.928
7,14,4.642
7,15,5.129
7,16,5.655
7,17,6.215
7,18,6.7
7,19,6.996
7,20,7.484
7,21,7.582
7,22,7.924
7,23,8.129
7,24,8.123
7,25,8.181
7,26,8.148
7,27,8.07
7,28,7.839
7,29,7.619
7,30,7.387
7,31,7.155
7,32,6.681
7,33,6.198
7,34,5.622
7,35,5.204
7,36,4.729
7,37,3.995
7,38,3.362
7,39,2.607
7,40,1.948
7,41,1.477
7,42,0.92
7,43,0.747
7,44,1.166
7,45,1.999
7,46,2.435
7,47,3.287
7,48,3.887
7,49,4.434
7,50,5.031
7,51,5.615
7,52,5.995
7,53,6.607
7,54,6.813
7,55,7.236
7,56,7.52
7,57,7.739
7,58,7.963
7,59,8.016
7,60,7.995
7,61,7.991
7,62,8.024
7,63,7.652
7,64,7.468
7,65,7.273
7,66,7.037
7,67,6.685
7,68,6.176
7,69,5.798
7,70,5.408
7,71,4.773
8,9,0.644
8,10,1.188
8,11,2.108
8,12,2.736
8,13,3.303
8,14,4.04
8,15,4.55
8,16,5.111
8,17,5.714
8,18,6.23
8,19,6.575
8,20,7.095
8,21,7.248
8,22,7.641
8,23,7.904
8,24,7.945
8,25,8.072
8,26,8.096
8,27,8.069
8,28,7.894
8,29,7.74
8,30,7.57
8,31,7.387
8,32,6.959
8,33,6.53
8,34,6.013
8,35,5.634
8,36,5.2
8,37,4.509
8,38,3.901
8,39,3.182
8,40,2.515
8,41,2.036
8,42,1.402
8,43,0.699
8,44,0.698
8,45,1.401
8,46,1.808
8,47,2.651
8,48,3.253
8,49,3.813
8,50,4.441
8,51,5.048
8,52,5.458
8,53,6.112
8,54,6.371
8,55,6.819
8,56,7.159
8,57,7.433
8,58,7.697
8,59,7.813
8,60,7.855
8,61,7.905
8,62,7.993
8,63,7.686
8,64,7.545
8,65,7.402
8,66,7.223
8,67,6.931
8,68,6.449
8,69,6.118
8,70,5.781
8,71,5.173
9,10,0.573
9,11,1.492
9,12,2.154
9,13,2.735
9,14,3.502
9,15,4.046
9,16,4.652
9,17,5.306
9,18,5.858
9,19,6.262
9,20,6.813
9,21,7.029
9,22,7.476
9,23,7.798
9,24,7.888
9,25,8.085
9,26,8.167
9,27,8.19
9,28,8.068
9,29,7.978
9,30,7.864
9,31,7.725
9,32,7.339
9,33,6.959
9,34,6.491
9,35,6.144
9,36,5.743
9,37,5.084
9,38,4.496
9,39,3.8
9,40,3.132
9,41,2.649
9,42,1.995
9,43,1.142
9,44,0.712
9,45,0.935
9,46,1.251
9,47,2.082
9,48,2.681
9,49,3.259
9,50,3.929
9,51,4.57
9,52,5.014
9,53,5.717
9,54,6.04
9,55,6.514
9,56,6.914
9,57,7.248
9,58,7.556
9,59,7.738
9,60,7.844
9,61,7.949
9,62,8.088
9,63,7.846
9,64,7.747
9,65,7.652
9,66,7.526
9,67,7.29
9,68,6.833
9,69,6.544
9,70,6.251
9,71,5.669
10,11,0.934
10,12,1.586
10,13,2.174
10,14,2.95
10,15,3.507
10,16,4.137
10,17,4.819
10,18,5.391
10,19,5.837
10,20,6.407
10,21,6.669
10,22,7.155
10,23,7.521
10,24,7.652
10,25,7.906
10,26,8.038
10,27,8.104
10,28,8.032
10,29,8.001
10,30,7.942
10,31,7.846
10,32,7.506
10,33,7.179
10,34,6.766
10,35,6.458
10,36,6.1
10,37,5.484
10,38,4.933
10,39,4.282
10,40,3.632
10,41,3.179
10,42,2.53
10,43,1.675
10,44,1.17
10,45,0.893
10,46,0.984
10,47,1.594
10,48,2.157
10,49,2.732
10,50,3.403
10,51,4.064
10,52,4.519
10,53,5.247
10,54,5.614
10,55,6.103
10,56,6.543
10,57,6.919
10,58,7.262
10,59,7.495
10,60,7.652
10,61,7.806
10,62,7.987
10,63,7.805
10,64,7.744
10,65,7.696
10,66,7.623
10,67,7.443
10,68,7.014
10,69,6.772
10,70,6.53
10,71,5.985
11,12,0.73
11,13,1.305
11,14,2.113
11,15,2.71
11,16,3.397
11,17,4.143
11,18,4.757
11,19,5.28
11,20,5.888
11,21,6.236
11,22,6.791
11,23,7.242
11,24,7.441
11,25,7.792
11,26,8.005
11,27,8.144
11,28,8.151
11,29,8.211
11,30,8.237
11,31,8.207
11,32,7.932
11,33,7.681
11,34,7.347
11,35,7.091
11,36,6.787
11,37,6.228
11,38,5.714
11,39,5.112
11,40,4.475
11,41,4.041
11,42,3.392
11,43,2.521
11,44,1.957
11,45,1.269
11,46,0.96
11,47,0.82
11,48,1.281
11,49,1.861
11,50,2.579
11,51,3.276
11,52,3.777
11,53,4.567
11,54,5.021
11,55,5.541
11,56,6.065
11,57,6.522
11,58,6.921
11,59,7.248
11,60,7.498
11,61,7.728
11,62,7.984
11,63,7.898
11,64,7.901
11,65,7.923
11,66,7.929
11,67,7.831
11,68,7.447
11,69,7.269
11,70,7.095
11,71,6.598
12,13,0.604
12,14,1.401
12,15,2.002
12,16,2.704
12,17,3.47
12,18,4.1
12,19,4.664
12,20,5.285
12,21,5.683
12,22,6.277
12,23,6.772
12,24,7.018
12,25,7.434
12,26,7.704
12,27,7.892
12,28,7.96
12,29,8.093
12,30,8.184
12,31,8.207
12,32,7.996
12,33,7.816
12,34,7.553
12,35,7.351
12,36,7.106
12,37,6.609
12,38,6.152
12,39,5.617
12,40,5.017
12,41,4.634
12,42,4.007
12,43,3.179
12,44,2.642
12,45,1.955
12,46,1.618
12,47,0.854
12,48,0.875
12,49,1.315
12,50,1.934
12,51,2.647
12,52,3.13
12,53,3.928
12,54,4.426
12,55,4.952
12,56,5.512
12,57,6.011
12,58,6.449
12,59,6.83
12,60,7.136
12,61,7.424
12,62,7.723
12,63,7.714
12,64,7.763
12,65,7.842
12,66,7.914
12,67,7.888
12,68,7.544
12,69,7.428
12,70,7.32
12,71,6.881
13,14,0.816
13,15,1.434
13,16,2.164
13,17,2.961
13,18,3.608
13,19,4.215
13,20,4.851
13,21,5.299
13,22,5.931
13,23,6.474
13,24,6.762
13,25,7.235
13,26,7.555
13,27,7.789
13,28,7.909
13,29,8.1
13,30,8.247
13,31,8.315
13,32,8.15
13,33,8.022
13,34,7.818
13,35,7.653
13,36,7.449
13,37,6.999
13,38,6.576
13,39,6.084
13,40,5.504
13,41,5.146
13,42,4.531
13,43,3.721
13,44,3.188
13,45,2.463
13,46,2.098
13,47,1.084
13,48,0.676
13,49,0.827
13,50,1.359
13,51,2.084
13,52,2.581
13,53,3.406
13,54,3.955
13,55,4.493
13,56,5.099
13,57,5.645
13,58,6.113
13,59,6.551
13,60,6.914
13,61,7.248
13,62,7.593
13,63,7.648
13,64,7.738
13,65,7.863
13,66,7.987
13,67,8.017
13,68,7.708
13,69,7.637
13,70,7.578
13,71,7.178
14,15,0.634
14,16,1.389
14,17,2.214
14,18,2.876
14,19,3.536
14,20,4.183
14,21,4.695
14,22,5.37
14,23,5.968
14,24,6.311
14,25,6.859
14,26,7.244
14,27,7.536
14,28,7.727
14,29,7.999
14,30,8.22
14,31,8.347
14,32,8.253
14,33,8.204
14,34,8.08
14,35,7.974
14,36,7.832
14,37,7.452
14,38,7.087
14,39,6.666
14,40,6.125
14,41,5.816
14,42,5.226
14,43,4.458
14,44,3.95
14,45,3.238
14,46,2.882
14,47,1.796
14,48,1.223
14,49,0.853
14,50,0.727
14,51,1.406
14,52,1.85
14,53,2.678
14,54,3.288
14,55,3.828
14,56,4.481
14,57,5.079
14,58,5.589
14,59,6.093
14,60,6.526
14,61,6.924
14,62,7.32
14,63,7.466
14,64,7.61
14,65,7.799
14,66,7.995
14,67,8.104
14,68,7.846
14,69,7.842
14,70,7.854
14,71,7.518
15,16,0.763
15,17,1.598
15,18,2.265
15,19,2.952
15,20,3.603
15,21,4.153
15,22,4.853
15,23,5.486
15,24,5.865
15,25,6.463
15,26,6.893
15,27,7.227
15,28,7.468
15,29,7.799
15,30,8.075
15,31,8.248
15,32,8.208
15,33,8.221
15,34,8.162
15,35,8.102
15,36,8.012
15,37,7.691
15,38,7.377
15,39,7.018
15,40,6.515
15,41,6.249
15,42,5.686
15,43,4.963
15,44,4.482
15,45,3.796
15,46,3.461
15,47,2.357
15,48,1.776
15,49,1.287
15,50,0.604
15,51,0.973
15,52,1.278
15,53,2.078
15,54,2.717
15,55,3.252
15,56,3.93
15,57,4.559
15,58,5.094
15,59,5.642
15,60,6.122
15,61,6.563
15,62,6.996
15,63,7.207
15,64,7.391
15,65,7.628
15,66,7.877
15,67,8.046
15,68,7.829
15,69,7.878
15,70,7.946
15,71,7.664
16,17,0.839
16,18,1.506
16,19,2.216
16,20,2.866
16,21,3.454
16,22,4.177
16,23,4.845
16,24,5.262
16,25,5.914
16,26,6.393
16,27,6.772
16,28,7.072
16,29,7.47
16,30,7.809
16,31,8.035
16,32,8.061
16,33,8.147
16,34,8.168
16,35,8.164
16,36,8.138
16,37,7.892
16,38,7.643
16,39,7.363
16,40,6.911
16,41,6.702
16,42,6.177
16,43,5.517
16,44,5.075
16,45,4.434
16,46,4.131
16,47,3.032
16,48,2.474
16,49,1.958
16,50,1.116
16,51,0.901
16,52,0.739
16,53,1.369
16,54,2.017
16,55,2.535
16,56,3.228
16,57,3.885
16,58,4.445
16,59,5.038
16,60,5.568
16,61,6.056
16,62,6.526
16,63,6.815
16,64,7.044
16,65,7.334
16,66,7.646
16,67,7.886
16,68,7.72
16,69,7.831
16,70,7.967
16,71,7.753
17,18,0.668
17,19,1.403
17,20,2.047
17,21,2.676
17,22,3.421
17,23,4.122
17,24,4.583
17,25,5.29
17,26,5.823
17,27,6.25
17,28,6.614
17,29,7.086
17,30,7.493
17,31,7.775
17,32,7.875
17,33,8.043
17,34,8.149
17,35,8.209
17,36,8.253
17,37,8.09
17,38,7.914
17,39,7.722
17,40,7.329
17,41,7.182
17,42,6.702
17,43,6.114
17,44,5.718
17,45,5.132
17,46,4.864
17,47,3.789
17,48,3.263
17,49,2.753
17,50,1.898
17,51,1.458
17,52,0.889
17,53,0.787
17,54,1.33
17,55,1.784
17,56,2.469
17,57,3.146
17,58,3.735
17,59,4.369
17,60,4.951
17,61,5.491
17,62,5.996
17,63,6.37
17,64,6.648
17,65,6.997
17,66,7.376
17,67,7.693
17,68,7.585
17,69,7.765
17,70,7.973
17,71,7.838
18,19,0.784
18,20,1.405
18,21,2.083
18,22,2.845
18,23,3.578
18,24,4.078
18,25,4.834
18,26,5.411
18,27,5.881
18,28,6.298
18,29,6.83
18,30,7.292
18,31,7.62
18,32,7.781
18,33,8.014
18,34,8.188
18,35,8.297
18,36,8.395
18,37,8.297
18,38,8.177
18,39,8.051
18,40,7.703
18,41,7.602
18,42,7.156
18,43,6.62
18,44,6.256
18,45,5.706
18,46,5.462
18,47,4.403
18,48,3.898
18,49,3.391
18,50,2.536
18,51,2.024
18,52,1.389
18,53,0.751
18,54,0.928
18,55,1.235
18,56,1.891
18,57,2.584
18,58,3.196
18,59,3.869
18,60,4.498
18,61,5.081
18,62,5.617
18,63,6.064
18,64,6.383
18,65,6.779
18,66,7.211
18,67,7.59
18,68,7.531
18,69,7.765
18,70,8.03
18,71,7.956
19,20,0.655
19,21,1.303
19,22,2.068
19,23,2.816
19,24,3.329
19,25,4.112
19,26,4.718
19,27,5.218
19,28,5.678
19,29,6.257
19,30,6.768
19,31,7.139
19,32,7.357
19,33,7.655
19,34,7.904
19,35,8.066
19,36,8.224
19,37,8.205
19,38,8.154
19,39,8.113
19,40,7.826
19,41,7.787
19,42,7.394
19,43,6.941
19,44,6.629
19,45,6.146
19,46,5.946
19,47,4.935
19,48,4.482
19,49,4.006
19,50,3.182
19,51,2.656
19,52,2.025
19,53,1.24
19,54,0.78
19,55,0.701
19,56,1.144
19,57,1.812
19,58,2.431
19,59,3.117
19,60,3.771
19,61,4.383
19,62,4.94
19,63,5.445
19,64,5.799
19,65,6.236
19,66,6.716
19,67,7.154
19,68,7.147
19,69,7.436
19,70,7.76
19,71,7.756
20,21,0.765
20,22,1.522
20,23,2.298
20,24,2.858
20,25,3.689
20,26,4.34
20,27,4.88
20,28,5.396
20,29,6.035
20,30,6.598
20,31,7.013
20,32,7.293
20,33,7.655
20,34,7.97
20,35,8.179
20,36,8.389
20,37,8.432
20,38,8.436
20,39,8.457
20,40,8.215
20,41,8.217
20,42,7.858
20,43,7.454
20,44,7.172
20,45,6.725
20,46,6.546
20,47,5.557
20,48,5.12
20,49,4.654
20,50,3.834
20,51,3.299
20,52,2.666
20,53,1.84
20,54,1.254
20,55,0.848
20,56,0.778
20,57,1.342
20,58,1.971
20,59,2.678
20,60,3.374
20,61,4.028
20,62,4.604
20,63,5.188
20,64,5.581
20,65,6.063
20,66,6.595
20,67,7.091
20,68,7.135
20,69,7.476
20,70,7.851
20,71,7.91
21,22,0.768
21,23,1.542
21,24,2.095
21,25,2.933
21,26,3.596
21,27,4.152
21,28,4.694
21,29,5.364
21,30,5.961
21,31,6.406
21,32,6.732
21,33,7.146
21,34,7.522
21,35,7.777
21,36,8.039
21,37,8.154
21,38,8.222
21,39,8.322
21,40,8.143
21,41,8.205
21,42,7.901
21,43,7.582
21,44,7.357
21,45,6.986
21,46,6.854
21,47,5.93
21,48,5.554
21,49,5.133
21,50,4.362
21,51,3.858
21,52,3.257
21,53,2.468
21,54,1.773
21,55,1.317
21,56,0.667
21,57,0.695
21,58,1.282
21,59,1.935
21,60,2.627
21,61,3.294
21,62,3.873
21,63,4.495
21,64,4.91
21,65,5.42
21,66,5.986
21,67,6.526
21,68,6.614
21,69,6.999
21,70,7.424
21,71,7.546
22,23,0.797
22,24,1.376
22,25,2.244
22,26,2.94
22,27,3.529
22,28,4.121
22,29,4.842
22,30,5.488
22,31,5.975
22,32,6.366
22,33,6.848
22,34,7.298
22,35,7.606
22,36,7.928
22,37,8.121
22,38,8.259
22,39,8.44
22,40,8.325
22,41,8.443
22,42,8.194
22,43,7.954
22,44,7.778
22,45,7.472
22,46,7.377
22,47,6.51
22,48,6.177
22,49,5.788
22,50,5.049
22,51,4.565
22,52,3.982
22,53,3.21
22,54,2.483
22,55,2.014
22,56,1.235
22,57,0.627
22,58,0.811
22,59,1.292
22,60,1.981
22,61,2.674
22,62,3.254
22,63,3.949
22,64,4.399
22,65,4.951
22,66,5.563
22,67,6.161
22,68,6.308
22,69,6.748
22,70,7.228
22,71,7.425
23,24,0.626
23,25,1.503
23,26,2.221
23,27,2.828
23,28,3.46
23,29,4.225
23,30,4.907
23,31,5.428
23,32,5.881
23,33,6.428
23,34,6.941
23,35,7.3
23,36,7.68
23,37,7.948
23,38,8.158
23,39,8.42
23,40,8.373
23,41,8.55
23,42,8.358
23,43,8.203
23,44,8.083
23,45,7.855
23,46,7.803
23,47,7.006
23,48,6.726
23,49,6.381
23,50,5.685
23,51,5.244
23,52,4.687
23,53,3.955
23,54,3.226
23,55,2.783
23,56,1.998
23,57,1.287
23,58,1.039
23,59,0.903
23,60,1.395
23,61,2.074
23,62,2.603
23,63,3.354
23,64,3.823
23,65,4.405
23,66,5.054
23,67,5.7
23,68,5.899
23,69,6.388
23,70,6.918
23,71,7.19
24,25,0.882
24,26,1.603
24,27,2.219
24,28,2.865
24,29,3.645
24,30,4.347
24,31,4.887
24,32,5.372
24,33,5.953
24,34,6.511
24,35,6.901
24,36,7.317
24,37,7.641
24,38,7.898
24,39,8.22
24,40,8.223
24,41,8.444
24,42,8.3
24,43,8.214
24,44,8.14
24,45,7.972
24,46,7.956
24,47,7.225
24,48,6.993
24,49,6.687
24,50,6.04
24,51,5.63
24,52,5.107
24,53,4.419
24,54,3.682
24,55,3.272
24,56,2.491
24,57,1.75
24,58,1.339
24,59,0.747
24,60,0.862
24,61,1.492
24,62,1.99
24,63,2.765
24,64,3.246
24,65,3.844
24,66,4.512
24,67,5.185
24,68,5.42
24,69,5.939
24,70,6.5
24,71,6.821
25,26,0.73
25,27,1.359
25,28,2.035
25,29,2.845
25,30,3.576
25,31,4.146
25,32,4.686
25,33,5.325
25,34,5.948
25,35,6.387
25,36,6.859
25,37,7.264
25,38,7.595
25,39,8.003
25,40,8.083
25,41,8.367
25,42,8.293
25,43,8.307
25,44,8.298
25,45,8.22
25,46,8.254
25,47,7.617
25,48,7.452
25,49,7.202
25,50,6.62
25,51,6.261
25,52,5.781
25,53,5.154
25,54,4.426
25,55,4.057
25,56,3.299
25,57,2.565
25,58,2.096
25,59,1.318
25,60,0.742
25,61,0.914
25,62,1.198
25,63,2.003
25,64,2.489
25,65,3.107
25,66,3.801
25,67,4.514
25,68,4.806
25,69,5.368
25,70,5.975
25,71,6.373
26,27,0.636
26,28,1.33
26,29,2.153
26,30,2.903
26,31,3.491
26,32,4.071
26,33,4.751
26,34,5.422
26,35,5.898
26,36,6.411
26,37,6.879
26,38,7.267
26,39,7.744
26,40,7.886
26,41,8.219
26,42,8.203
26,43,8.3
26,44,8.345
26,45,8.341
26,46,8.416
26,47,7.864
26,48,7.756
26,49,7.554
26,50,7.032
26,51,6.719
26,52,6.28
26,53,5.71
26,54,4.996
26,55,4.667
26,56,3.937
26,57,3.221
26,58,2.743
26,59,1.94
26,60,1.208
26,61,0.857
26,62,0.637
26,63,1.377
26,64,1.846
26,65,2.468
26,66,3.174
26,67,3.912
26,68,4.248
26,69,4.841
26,70,5.479
26,71,5.935
27,28,0.71
27,29,1.544
27,30,2.302
27,31,2.902
27,32,3.516
27,33,4.229
27,34,4.936
27,35,5.441
27,36,5.988
27,37,6.507
27,38,6.945
27,39,7.477
27,40,7.673
27,41,8.048
27,42,8.082
27,43,8.25
27,44,8.342
27,45,8.405
27,46,8.515
27,47,8.041
27,48,7.982
27,49,7.824
27,50,7.355
27,51,7.089
27,52,6.686
27,53,6.168
27,54,5.477
27,55,5.184
27,56,4.483
27,57,3.791
27,58,3.326
27,59,2.529
27,60,1.774
27,61,1.26
27,62,0.662
27,63,0.962
27,64,1.341
27,65,1.939
27,66,2.639
27,67,3.389
27,68,3.756
27,69,4.37
27,70,5.03
27,71,5.536
28,29,0.836
28,30,1.595
28,31,2.199
28,32,2.834
28,33,3.57
28,34,4.305
28,35,4.834
28,36,5.41
28,37,5.975
28,38,6.459
28,39,7.046
28,40,7.296
28,41,7.711
28,42,7.799
28,43,8.043
28,44,8.186
28,45,8.321
28,46,8.471
28,47,8.087
28,48,8.085
28,49,7.979
28,50,7.579
28,51,7.367
28,52,7.011
28,53,6.563
28,54,5.903
28,55,5.658
28,56,5.002
28,57,4.347
28,58,3.905
28,59,3.128
28,60,2.373
28,61,1.793
28,62,1.133
28,63,0.739
28,64,0.816
28,65,1.319
28,66,1.99
28,67,2.735
28,68,3.125
28,69,3.754
28,70,4.429
28,71,4.98
29,30,0.768
29,31,1.383
29,32,2.042
29,33,2.809
29,34,3.586
29,35,4.143
29,36,4.754
29,37,5.382
29,38,5.92
29,39,6.573
29,40,6.891
29,41,7.354
29,42,7.508
29,43,7.845
29,44,8.047
29,45,8.266
29,46,8.46
29,47,8.185
29,48,8.25
29,49,8.204
29,50,7.884
29,51,7.731
29,52,7.432
29,53,7.061
29,54,6.437
29,55,6.245
29,56,5.639
29,57,5.026
29,58,4.606
29,59,3.856
29,60,3.112
29,61,2.502
29,62,1.861
29,63,1.127
29,64,0.717
29,65,0.732
29,66,1.256
29,67,1.977
29,68,2.405
29,69,3.049
29,70,3.741
29,71,4.349
30,31,0.62
30,32,1.318
30,33,2.112
30,34,2.916
30,35,3.499
30,36,4.141
30,37,4.821
30,38,5.412
30,39,6.122
30,40,6.502
30,41,7.007
30,42,7.222
30,43,7.641
30,44,7.898
30,45,8.196
30,46,8.429
30,47,8.258
30,48,8.382
30,49,8.392
30,50,8.145
30,51,8.052
30,52,7.803
30,53,7.505
30,54,6.923
30,55,6.777
30,56,6.22
30,57,5.648
30,58,5.259
30,59,4.539
30,60,3.817
30,61,3.214
30,62,2.6
30,63,1.804
30,64,1.297
30,65,0.865
30,66,0.839
30,67,1.376
30,68,1.808
30,69,2.441
30,70,3.132
30,71,3.791
31,32,0.746
31,33,1.55
31,34,2.363
31,35,2.963
31,36,3.626
31,37,4.342
31,38,4.972
31,39,5.723
31,40,6.152
31,41,6.687
31,42,6.95
31,43,7.432
31,44,7.731
31,45,8.091
31,46,8.355
31,47,8.268
31,48,8.439
31,49,8.494
31,50,8.307
31,51,8.264
31,52,8.057
31,53,7.819
31,54,7.274
31,55,7.167
31,56,6.652
31,57,6.117
31,58,5.758
31,59,5.066
31,60,4.366
31,61,3.778
31,62,3.188
31,63,2.373
31,64,1.848
31,65,1.316
31,66,0.903
31,67,1.025
31,68,1.389
31,69,1.974
31,70,2.644
31,71,3.336
32,33,0.807
32,34,1.638
32,35,2.239
32,36,2.906
32,37,3.65
32,38,4.3
32,39,5.081
32,40,5.548
32,41,6.107
32,42,6.415
32,43,6.959
32,44,7.298
32,45,7.717
32,46,8.012
32,47,8.018
32,48,8.243
32,49,8.347
32,50,8.237
32,51,8.247
32,52,8.097
32,53,7.938
32,54,7.441
32,55,7.387
32,56,6.937
32,57,6.459
32,58,6.137
32,59,5.496
32,60,4.837
32,61,4.272
32,62,3.737
32,63,2.899
32,64,2.37
32,65,1.782
32,66,1.155
32,67,0.686
32,68,0.786
32,69,1.274
32,70,1.919
32,71,2.629
33,34,0.856
33,35,1.453
33,36,2.128
33,37,2.906
33,38,3.583
33,39,4.402
33,40,4.917
33,41,5.503
33,42,5.867
33,43,6.482
33,44,6.869
33,45,7.356
33,46,7.686
33,47,7.802
33,48,8.086
33,49,8.247
33,50,8.222
33,51,8.294
33,52,8.206
33,53,8.133
33,54,7.695
33,55,7.697
33,56,7.316
33,57,6.901
33,58,6.622
33,59,6.037
33,60,5.424
33,61,4.891
33,62,4.409
33,63,3.574
33,64,3.059
33,65,2.471
33,66,1.807
33,67,1.098
33,68,0.724
33,69,0.688
33,70,1.182
33,71,1.907
34,35,0.616
34,36,1.305
34,37,2.098
34,38,2.812
34,39,3.661
34,40,4.226
34,41,4.837
34,42,5.253
34,43,5.937
34,44,6.372
34,45,6.934
34,46,7.297
34,47,7.527
34,48,7.869
34,49,8.091
34,50,8.153
34,51,8.298
34,52,8.271
34,53,8.289
34,54,7.92
34,55,7.979
34,56,7.673
34,57,7.326
34,58,7.105
34,59,6.581
34,60,6.022
34,61,5.539
34,62,5.105
34,63,4.298
34,64,3.804
34,65,3.244
34,66,2.607
34,67,1.893
34,68,1.391
34,69,0.907
34,70,0.764
34,71,1.309
35,36,0.69
35,37,1.505
35,38,2.235
35,39,3.104
35,40,3.704
35,41,4.33
35,42,4.786
35,43,5.519
35,44,5.987
35,45,6.597
35,46,6.983
35,47,7.297
35,48,7.681
35,49,7.944
35,50,8.072
35,51,8.263
35,52,8.284
35,53,8.368
35,54,8.049
35,55,8.149
35,56,7.899
35,57,7.603
35,58,7.418
35,59,6.942
35,60,6.424
35,61,5.973
35,62,5.58
35,63,4.79
35,64,4.314
35,65,3.769
35,66,3.145
35,67,2.428
35,68,1.889
35,69,1.3
35,70,0.781
35,71,0.922
36,37,0.851
36,38,1.588
36,39,2.475
36,40,3.112
36,41,3.751
36,42,4.252
36,43,5.038
36,44,5.54
36,45,6.202
36,46,6.611
36,47,7.02
36,48,7.449
36,49,7.757
36,50,7.958
36,51,8.2
36,52,8.275
36,53,8.432
36,54,8.169
36,55,8.315
36,56,8.129
36,57,7.892
36,58,7.747
36,59,7.327
36,60,6.856
36,61,6.443
36,62,6.096
36,63,5.33
36,64,4.877
36,65,4.353
36,66,3.749
36,67,3.043
36,68,2.485
36,69,1.865
36,70,1.221
36,71,0.839
37,38,0.767
37,39,1.651
37,40,2.315
37,41,2.96
37,42,3.493
37,43,4.322
37,44,4.857
37,45,5.573
37,46,6.004
37,47,6.511
37,48,6.985
37,49,7.345
37,50,7.625
37,51,7.933
37,52,8.067
37,53,8.31
37,54,8.125
37,55,8.325
37,56,8.219
37,57,8.058
37,58,7.976
37,59,7.63
37,60,7.229
37,61,6.879
37,62,6.592
37,63,5.876
37,64,5.459
37,65,4.982
37,66,4.429
37,67,3.768
37,68,3.196
37,69,2.596
37,70,1.966
37,71,1.357
38,39,0.895
38,40,1.575
38,41,2.222
38,42,2.789
38,43,3.656
38,44,4.215
38,45,4.968
38,46,5.415
38,47,6.011
38,48,6.525
38,49,6.926
38,50,7.281
38,51,7.637
38,52,7.828
38,53,8.148
38,54,8.029
38,55,8.277
38,56,8.245
38,57,8.154
38,58,8.121
38,59,7.846
38,60,7.509
38,61,7.21
38,62,6.986
38,63,6.314
38,64,5.934
38,65,5.495
38,66,4.984
38,67,4.361
38,68,3.788
38,69,3.204
38,70,2.585
38,71,1.882
39,40,0.725
39,41,1.36
39,42,1.971
39,43,2.882
39,44,3.471
39,45,4.275
39,46,4.74
39,47,5.447
39,48,6.005
39,49,6.458
39,50,6.9
39,51,7.32
39,52,7.576
39,53,7.986
39,54,7.952
39,55,8.254
39,56,8.31
39,57,8.302
39,58,8.331
39,59,8.139
39,60,7.879
39,61,7.646
39,62,7.487
39,63,6.875
39,64,6.536
39,65,6.147
39,66,5.689
39,67,5.115
39,68,4.547
39,69,3.995
39,70,3.41
39,71,2.686
40,41,0.647
40,42,1.249
40,43,2.169
40,44,2.766
40,45,3.584
40,46,4.056
40,47,4.819
40,48,5.4
40,49,5.88
40,50,6.377
40,51,6.834
40,52,7.135
40,53,7.606
40,54,7.634
40,55,7.974
40,56,8.098
40,57,8.156
40,58,8.233
40,59,8.113
40,60,7.92
40,61,7.746
40,62,7.648
40,63,7.096
40,64,6.801
40,65,6.462
40,66,6.062
40,67,5.546
40,68,4.99
40,69,4.48
40,70,3.943
40,71,3.221
41,42,0.672
41,43,1.613
41,44,2.225
41,45,3.074
41,46,3.553
41,47,4.404
41,48,5.014
41,49,5.529
41,50,6.091
41,51,6.591
41,52,6.94
41,53,7.474
41,54,7.567
41,55,7.943
41,56,8.131
41,57,8.249
41,58,8.37
41,59,8.311
41,60,8.175
41,61,8.048
41,62,7.998
41,63,7.492
41,64,7.229
41,65,6.926
41,66,6.565
41,67,6.085
41,68,5.539
41,69,5.053
41,70,4.542
41,71,3.823
42,43,0.941
42,44,1.555
42,45,2.412
42,46,2.891
42,47,3.771
42,48,4.391
42,49,4.924
42,50,5.521
42,51,6.052
42,52,6.431
42,53,7.011
42,54,7.159
42,55,7.563
42,56,7.807
42,57,7.981
42,58,8.147
42,59,8.151
42,60,8.077
42,61,8.007
42,62,8.009
42,63,7.566
42,64,7.346
42,65,7.095
42,66,6.793
42,67,6.375
42,68,5.848
42,69,5.411
42,70,4.955
42,71,4.263
43,44,0.617
43,45,1.496
43,46,1.972
43,47,2.919
43,48,3.557
43,49,4.121
43,50,4.783
43,51,5.361
43,52,5.792
43,53,6.444
43,54,6.679
43,55,7.125
43,56,7.455
43,57,7.713
43,58,7.943
43,59,8.04
43,60,8.057
43,61,8.067
43,62,8.145
43,63,7.792
43,64,7.631
43,65,7.45
43,66,7.228
43,67,6.891
43,68,6.395
43,69,6.022
43,70,5.636
43,71,4.981
44,45,0.892
44,46,1.362
44,47,2.354
44,48,3.0
44,49,3.583
44,50,4.287
44,51,4.893
44,52,5.357
44,53,6.056
44,54,6.347
44,55,6.819
44,56,7.205
44,57,7.518
44,58,7.789
44,59,7.947
44,60,8.024
44,61,8.086
44,62,8.213
44,63,7.921
44,64,7.799
44,65,7.665
44,66,7.495
44,67,7.212
44,68,6.739
44,69,6.407
44,70,6.066
44,71,5.439
45,46,0.482
45,47,1.531
45,48,2.188
45,49,2.786
45,50,3.552
45,51,4.179
45,52,4.694
45,53,5.451
45,54,5.817
45,55,6.321
45,56,6.784
45,57,7.173
45,58,7.493
45,59,7.739
45,60,7.9
45,61,8.031
45,62,8.231
45,63,8.024
45,64,7.961
45,65,7.892
45,66,7.795
45,67,7.588
45,68,7.155
45,69,6.883
45,70,6.608
45,71,6.021
46,47,1.144
46,48,1.789
46,49,2.399
46,50,3.203
46,51,3.852
46,52,4.396
46,53,5.188
46,54,5.605
46,55,6.126
46,56,6.634
46,57,7.066
46,58,7.418
46,59,7.713
46,60,7.92
46,61,8.092
46,62,8.327
46,63,8.169
46,64,8.135
46,65,8.101
46,66,8.041
46,67,7.874
46,68,7.46
46,69,7.218
46,70,6.974
46,71,6.409
47,48,0.658
47,49,1.259
47,50,2.064
47,51,2.721
47,52,3.28
47,53,4.1
47,54,4.574
47,55,5.112
47,56,5.681
47,57,6.178
47,58,6.58
47,59,6.959
47,60,7.255
47,61,7.508
47,62,7.818
47,63,7.772
47,64,7.811
47,65,7.864
47,66,7.906
47,67,7.85
47,68,7.498
47,69,7.352
47,70,7.214
47,71,6.736
48,49,0.619
48,50,1.459
48,51,2.14
48,52,2.722
48,53,3.576
48,54,4.114
48,55,4.665
48,56,5.286
48,57,5.836
48,58,6.278
48,59,6.719
48,60,7.078
48,61,7.387
48,62,7.742
48,63,7.77
48,64,7.853
48,65,7.958
48,66,8.058
48,67,8.065
48,68,7.748
48,69,7.653
48,70,7.569
48,71,7.136
49,50,0.879
49,51,1.55
49,52,2.155
49,53,3.03
49,54,3.614
49,55,4.173
49,56,4.837
49,57,5.429
49,58,5.898
49,59,6.394
49,60,6.807
49,61,7.163
49,62,7.561
49,63,7.655
49,64,7.78
49,65,7.932
49,66,8.085
49,67,8.15
49,68,7.871
49,69,7.825
49,70,7.793
49,71,7.406
50,51,0.733
50,52,1.296
50,53,2.177
50,54,2.805
50,55,3.364
50,56,4.061
50,57,4.693
50,58,5.199
50,59,5.75
50,60,6.224
50,61,6.64
50,62,7.083
50,63,7.265
50,64,7.442
50,65,7.659
50,66,7.886
50,67,8.034
50,68,7.809
50,69,7.836
50,70,7.882
50,71,7.573
51,52,0.653
51,53,1.535
51,54,2.195
51,55,2.755
51,56,3.495
51,57,4.169
51,58,4.688
51,59,5.297
51,60,5.828
51,61,6.285
51,62,6.777
51,63,7.029
51,64,7.251
51,65,7.516
51,66,7.799
51,67,8.01
51,68,7.833
51,69,7.914
51,70,8.017
51,71,7.762
52,53,0.895
52,54,1.594
52,55,2.145
52,56,2.902
52,57,3.6
52,58,4.146
52,59,4.789
52,60,5.359
52,61,5.858
52,62,6.375
52,63,6.691
52,64,6.95
52,65,7.26
52,66,7.594
52,67,7.864
52,68,7.728
52,69,7.861
52,70,8.02
52,71,7.824
53,54,0.786
53,55,1.294
53,56,2.085
53,57,2.821
53,58,3.395
53,59,4.095
53,60,4.728
53,61,5.282
53,62,5.841
53,63,6.252
53,64,6.564
53,65,6.937
53,66,7.343
53,67,7.694
53,68,7.622
53,69,7.827
53,70,8.062
53,71,7.949
54,55,0.563
54,56,1.324
54,57,2.052
54,58,2.614
54,59,3.325
54,60,3.976
54,61,4.546
54,62,5.127
54,63,5.58
54,64,5.922
54,65,6.329
54,66,6.776
54,67,7.18
54,68,7.155
54,69,7.411
54,70,7.702
54,71,7.655
55,56,0.815
55,57,1.578
55,58,2.159
55,59,2.915
55,60,3.611
55,61,4.22
55,62,4.827
55,63,5.349
55,64,5.726
55,65,6.174
55,66,6.667
55,67,7.123
55,68,7.142
55,69,7.444
55,70,7.782
55,71,7.789
56,57,0.769
56,58,1.368
56,59,2.138
56,60,2.863
56,61,3.504
56,62,4.125
56,63,4.713
56,64,5.125
56,65,5.616
56,66,6.159
56,67,6.676
56,68,6.75
56,69,7.11
56,70,7.508
56,71,7.592
57,58,0.63
57,59,1.388
57,60,2.134
57,61,2.8
57,62,3.429
57,63,4.075
57,64,4.518
57,65,5.045
57,66,5.631
57,67,6.2
57,68,6.327
57,69,6.739
57,70,7.192
57,71,7.348
58,59,0.822
58,60,1.595
58,61,2.263
58,62,2.919
58,63,3.606
58,64,4.077
58,65,4.628
58,66,5.244
58,67,5.854
58,68,6.028
58,69,6.477
58,70,6.97
58,71,7.18
59,60,0.781
59,61,1.467
59,62,2.117
59,63,2.85
59,64,3.342
59,65,3.921
59,66,4.57
59,67,5.224
59,68,5.448
59,69,5.943
59,70,6.483
59,71,6.765
60,61,0.705
60,62,1.338
60,63,2.101
60,64,2.609
60,65,3.209
60,66,3.883
60,67,4.572
60,68,4.841
60,69,5.375
60,70,5.955
60,71,6.303
61,62,0.689
61,63,1.445
61,64,1.97
61,65,2.579
61,66,3.268
61,67,3.985
61,68,4.301
61,69,4.864
61,70,5.477
61,71,5.88
62,63,0.872
62,64,1.399
62,65,2.03
62,66,2.743
62,67,3.493
62,68,3.854
62,69,4.453
62,70,5.1
62,71,5.568
63,64,0.536
63,65,1.161
63,66,1.873
63,67,2.629
63,68,3.014
63,69,3.628
63,70,4.292
63,71,4.803
64,65,0.632
64,66,1.349
64,67,2.113
64,68,2.517
64,69,3.146
64,70,3.823
64,71,4.37
65,66,0.719
65,67,1.492
65,68,1.932
65,69,2.574
65,70,3.267
65,71,3.856
66,67,0.783
66,68,1.276
66,69,1.926
66,70,2.629
66,71,3.267
67,68,0.574
67,69,1.198
67,70,1.898
67,71,2.584
68,69,0.654
68,70,1.359
68,71,2.029
69,70,0.705
69,71,1.404
70,71,0.761
